"cdr3_pair","frequency","proportion","TRA","TRB"
"TRA:CASHFDILTGGGNKLTF;TRB:CASSLYNGYEQYF",532,0.125382983737921,"CASHFDILTGGGNKLTF","CASSLYNGYEQYF"
"TRA:CALPFCGTASKLTF;TRB:CASSTRSDGELFF",248,0.0584492104642941,"CALPFCGTASKLTF","CASSTRSDGELFF"
"TRA:CALSEAITRGTSYGKLTF;TRB:CATQVPLFYEQYF",175,0.0412444025453688,"CALSEAITRGTSYGKLTF","CATQVPLFYEQYF"
"TRA:CASHFDILTGGGNKLTF;TRB:CASSTRSDGELFF",156,0.0367664388404431,"CASHFDILTGGGNKLTF","CASSTRSDGELFF"
"TRA:CAGTGGGSQGNLIF;TRB:CASSSRATGELFF",144,0.0339382512373321,"CAGTGGGSQGNLIF","CASSSRATGELFF"
"TRA:CAGSHGGSQGNLIF;TRB:CASSTRSDGELFF",133,0.0313457459344803,"CAGSHGGSQGNLIF","CASSTRSDGELFF"
"TRA:CAENMGGGSQGNLIF;TRB:CASSPRAGNEQFF",117,0.0275748291303323,"CAENMGGGSQGNLIF","CASSPRAGNEQFF"
"TRA:CAGVHGGSQGNLIF;TRB:CASSIRSSYEQYF",71,0.0167334433184068,"CAGVHGGSQGNLIF","CASSIRSSYEQYF"
"TRA:CAVNPLLYSGGGADGLTF;TRB:CASSLFSGANVLTF",56,0.013198208814518,"CAVNPLLYSGGGADGLTF","CASSLFSGANVLTF"
"TRA:CAVSGSQGNLIF;TRB:CASSIRSSYEQYF",45,0.0106057035116663,"CAVSGSQGNLIF","CASSIRSSYEQYF"
"TRA:CAVGFEGGSQGNLIF;TRB:CASSRRSGGEQYF",44,0.010370021211407,"CAVGFEGGSQGNLIF","CASSRRSGGEQYF"
"TRA:CAVNPGNTGKLIF;TRB:CASSGLAGANVLTF",44,0.010370021211407,"CAVNPGNTGKLIF","CASSGLAGANVLTF"
"TRA:CGTVSMEYGNKLVF;TRB:CASRITQVAGHGEQYF",38,0.00895592740985152,"CGTVSMEYGNKLVF","CASRITQVAGHGEQYF"
"TRA:CATDDSGNYGGSQGNLIF;TRB:CASSVLAVNNEQFF",36,0.00848456280933302,"CATDDSGNYGGSQGNLIF","CASSVLAVNNEQFF"
"TRA:CAGASGGSQGNLIF;TRB:CASSTRSTGELFF",26,0.00612773980674051,"CAGASGGSQGNLIF","CASSTRSTGELFF"
"TRA:CAGSYGGSQGNLIF;TRB:CASSMRSTDTQYF",25,0.00589205750648126,"CAGSYGGSQGNLIF","CASSMRSTDTQYF"
"TRA:CAGTYGGSQGNLIF;TRB:CASSVRRTGERTYEQYF",25,0.00589205750648126,"CAGTYGGSQGNLIF","CASSVRRTGERTYEQYF"
"TRA:CAVSPYYNQGGKLIF;TRB:CASSIYSRDTQYF",24,0.00565637520622201,"CAVSPYYNQGGKLIF","CASSIYSRDTQYF"
"TRA:CALRDNDMRF;TRB:CASSHIAGVVETQYF",23,0.00542069290596276,"CALRDNDMRF","CASSHIAGVVETQYF"
"TRA:CAVNPGNTGKLIF;TRB:CASSTRSDGELFF",21,0.00494932830544426,"CAVNPGNTGKLIF","CASSTRSDGELFF"
"TRA:CATDPNDYKLSF;TRB:CASSNRDRASTSGQETQYF",19,0.00447796370492576,"CATDPNDYKLSF","CASSNRDRASTSGQETQYF"
"TRA:CAGEGGGSQGNLIF;TRB:CASSIRSSYEQYF",17,0.00400659910440726,"CAGEGGGSQGNLIF","CASSIRSSYEQYF"
"TRA:CAVKETGANNLFF;TRB:CASSILATDTQYF",17,0.00400659910440726,"CAVKETGANNLFF","CASSILATDTQYF"
"TRA:CAVTEGSGNTGKLIF;TRB:CASSIRSSYEQYF",17,0.00400659910440726,"CAVTEGSGNTGKLIF","CASSIRSSYEQYF"
"TRA:CAGSYGGSQGNLIF;TRB:CASSSRSTGELFF",16,0.00377091680414801,"CAGSYGGSQGNLIF","CASSSRSTGELFF"
"TRA:CAARPGGGSQGNLIF;TRB:CASSIRSSYEQYF",13,0.00306386990337026,"CAARPGGGSQGNLIF","CASSIRSSYEQYF"
"TRA:CAGAWGGSQGNLIF;TRB:CASSSRSTDTQYF",13,0.00306386990337026,"CAGAWGGSQGNLIF","CASSSRSTDTQYF"
"TRA:CAGSYGGSQGNLIF;TRB:CASSTRSDGELFF",13,0.00306386990337026,"CAGSYGGSQGNLIF","CASSTRSDGELFF"
"TRA:CAVGGDGGSQGNLIF;TRB:CASSVRSSYEQYF",13,0.00306386990337026,"CAVGGDGGSQGNLIF","CASSVRSSYEQYF"
"TRA:CAVDGSQGNLIF;TRB:CASSTRSGHEQYF",12,0.00282818760311101,"CAVDGSQGNLIF","CASSTRSGHEQYF"
"TRA:CAGAGGGSQGNLIF;TRB:CASSTRSDGELFF",11,0.00259250530285176,"CAGAGGGSQGNLIF","CASSTRSDGELFF"
"TRA:CALDMGGGSQGNLIF;TRB:CASSVRAADTQYF",11,0.00259250530285176,"CALDMGGGSQGNLIF","CASSVRAADTQYF"
"TRA:CAVGFEGGSQGNLIF;TRB:CASSTRSDGELFF",11,0.00259250530285176,"CAVGFEGGSQGNLIF","CASSTRSDGELFF"
"TRA:CAVNMGGGSQGNLIF;TRB:CASSERSSYEQYF",11,0.00259250530285176,"CAVNMGGGSQGNLIF","CASSERSSYEQYF"
"TRA:CAAQGSQGNLIF;TRB:CASEVGSQRNSPLHF",10,0.00235682300259251,"CAAQGSQGNLIF","CASEVGSQRNSPLHF"
"TRA:CAESMNDRGSTLGRLYF;TRB:CASSMSSPSGELFF",9,0.00212114070233325,"CAESMNDRGSTLGRLYF","CASSMSSPSGELFF"
"TRA:CAGASGGSQGNLIF;TRB:CASSTRSDGELFF",9,0.00212114070233325,"CAGASGGSQGNLIF","CASSTRSDGELFF"
"TRA:CAGGHGGSQGNLIF;TRB:CASSTRSDGELFF",9,0.00212114070233325,"CAGGHGGSQGNLIF","CASSTRSDGELFF"
"TRA:CAGPLSGGSQGNLIF;TRB:CASSIYSNQPQHF",9,0.00212114070233325,"CAGPLSGGSQGNLIF","CASSIYSNQPQHF"
"TRA:CAGTDGGSQGNLIF;TRB:CASSIRSSETQYF",9,0.00212114070233325,"CAGTDGGSQGNLIF","CASSIRSSETQYF"
"TRA:CAVSPYYNQGGKLIF;TRB:CASSTRSDGELFF",9,0.00212114070233325,"CAVSPYYNQGGKLIF","CASSTRSDGELFF"
"TRA:CAATPGNTGKLIF;TRB:CASSIRAGEVEQYF",8,0.001885458402074,"CAATPGNTGKLIF","CASSIRAGEVEQYF"
"TRA:CAGSTGGSQGNLIF;TRB:CASSIRSTGELFF",8,0.001885458402074,"CAGSTGGSQGNLIF","CASSIRSTGELFF"
"TRA:CAVNAGGGSQGNLIF;TRB:CASSIRAGVEQYF",8,0.001885458402074,"CAVNAGGGSQGNLIF","CASSIRAGVEQYF"
"TRA:CAENMGGGSQGNLIF;TRB:CASSTRAGNEQFF",7,0.00164977610181475,"CAENMGGGSQGNLIF","CASSTRAGNEQFF"
"TRA:CAERGGGGSQGNLIF;TRB:CASSIRAGNEQFF",7,0.00164977610181475,"CAERGGGGSQGNLIF","CASSIRAGNEQFF"
"TRA:CAGGHGGSQGNLIF;TRB:CASSTSGANQPQHF",7,0.00164977610181475,"CAGGHGGSQGNLIF","CASSTSGANQPQHF"
"TRA:CASWGDGGSQGNLIF;TRB:CASSGRGADTQYF",7,0.00164977610181475,"CASWGDGGSQGNLIF","CASSGRGADTQYF"
"TRA:CAVDGSQGNLIF;TRB:CASSTRSDGELFF",7,0.00164977610181475,"CAVDGSQGNLIF","CASSTRSDGELFF"
"TRA:CAGAGSQGNLIF;TRB:CASSIRSSYEQYF",6,0.0014140938015555,"CAGAGSQGNLIF","CASSIRSSYEQYF"
"TRA:CAGASGNTGKLIF;TRB:CASSIRASYEQYF",6,0.0014140938015555,"CAGASGNTGKLIF","CASSIRASYEQYF"
"TRA:CAGAWGGSQGNLIF;TRB:CASSTRSDGELFF",6,0.0014140938015555,"CAGAWGGSQGNLIF","CASSTRSDGELFF"
"TRA:CAGPSGNTGKLIF;TRB:CASSTIARGEQFF",6,0.0014140938015555,"CAGPSGNTGKLIF","CASSTIARGEQFF"
"TRA:CAGVDGGSQGNLIF;TRB:CASSIRSAYEQYF",6,0.0014140938015555,"CAGVDGGSQGNLIF","CASSIRSAYEQYF"
"TRA:CAAISGGYNKLIF;TRB:CASSNYIADTQYF",5,0.00117841150129625,"CAAISGGYNKLIF","CASSNYIADTQYF"
"TRA:CAATRNDYKLSF;TRB:CASSGTGGYNEQFF",5,0.00117841150129625,"CAATRNDYKLSF","CASSGTGGYNEQFF"
"TRA:CAGTYGGSQGNLIF;TRB:CASSTRSTGELFF",5,0.00117841150129625,"CAGTYGGSQGNLIF","CASSTRSTGELFF"
"TRA:CAGVGGGSQGNLIF;TRB:CASSIRSSYEQYF",5,0.00117841150129625,"CAGVGGGSQGNLIF","CASSIRSSYEQYF"
"TRA:CALDMGGGSQGNLIF;TRB:CASSTRSDGELFF",5,0.00117841150129625,"CALDMGGGSQGNLIF","CASSTRSDGELFF"
"TRA:CAVDSGGGSQGNLIF;TRB:CASSIRAAYEQYF",5,0.00117841150129625,"CAVDSGGGSQGNLIF","CASSIRAAYEQYF"
"TRA:CAVGGDGGSQGNLIF;TRB:CASSTRSDGELFF",5,0.00117841150129625,"CAVGGDGGSQGNLIF","CASSTRSDGELFF"
"TRA:CAVKETGANNLFF;TRB:CASSTRSDGELFF",5,0.00117841150129625,"CAVKETGANNLFF","CASSTRSDGELFF"
"TRA:CAVNMGGGSQGNLIF;TRB:CASSTRSDGELFF",5,0.00117841150129625,"CAVNMGGGSQGNLIF","CASSTRSDGELFF"
"TRA:CAVSDQGAGRDDKIIF;TRB:CASSPYHTGELFF",5,0.00117841150129625,"CAVSDQGAGRDDKIIF","CASSPYHTGELFF"
"TRA:CAVSGSQGNLIF;TRB:CASSSRSSYEQYF",5,0.00117841150129625,"CAVSGSQGNLIF","CASSSRSSYEQYF"
"TRA:CAASMGGGSQGNLIF;TRB:CASSTRSDGELFF",4,0.000942729201037002,"CAASMGGGSQGNLIF","CASSTRSDGELFF"
"TRA:CAAYRRNTDKLIF;TRB:CASSTRSDGELFF",4,0.000942729201037002,"CAAYRRNTDKLIF","CASSTRSDGELFF"
"TRA:CAGAGGGSQGNLIF;TRB:CASSPRSTDTQYF",4,0.000942729201037002,"CAGAGGGSQGNLIF","CASSPRSTDTQYF"
"TRA:CAGAGGNTGKLIF;TRB:CASSIFGGSSYNEQFF",4,0.000942729201037002,"CAGAGGNTGKLIF","CASSIFGGSSYNEQFF"
"TRA:CAGAHGGSQGNLIF;TRB:CASSTRSTDTQYF",4,0.000942729201037002,"CAGAHGGSQGNLIF","CASSTRSTDTQYF"
"TRA:CAGALGGGSQGNLIF;TRB:CASSFYSNQPQHF",4,0.000942729201037002,"CAGALGGGSQGNLIF","CASSFYSNQPQHF"
"TRA:CAGGGSGNTGKLIF;TRB:CASSIRSSYEQFF",4,0.000942729201037002,"CAGGGSGNTGKLIF","CASSIRSSYEQFF"
"TRA:CAGQYGGSQGNLIF;TRB:CASSTRSDGELFF",4,0.000942729201037002,"CAGQYGGSQGNLIF","CASSTRSDGELFF"
"TRA:CAGSGGGSQGNLIF;TRB:CASSIRSSDTQYF",4,0.000942729201037002,"CAGSGGGSQGNLIF","CASSIRSSDTQYF"
"TRA:CAGTDGGSQGNLIF;TRB:CASSTRSDGELFF",4,0.000942729201037002,"CAGTDGGSQGNLIF","CASSTRSDGELFF"
"TRA:CAGVGGGSQGNLIF;TRB:CASSMRSSDTQYF",4,0.000942729201037002,"CAGVGGGSQGNLIF","CASSMRSSDTQYF"
"TRA:CALPFCGTASKLTF;TRB:CASSILATDTQYF",4,0.000942729201037002,"CALPFCGTASKLTF","CASSILATDTQYF"
"TRA:CASHFDILTGGGNKLTF;TRB:CASSIRSTGELFF",4,0.000942729201037002,"CASHFDILTGGGNKLTF","CASSIRSTGELFF"
"TRA:CAVELGDRGSTLGRLYF;TRB:CASSTYSTDTQYF",4,0.000942729201037002,"CAVELGDRGSTLGRLYF","CASSTYSTDTQYF"
"TRA:CAVQGSQGNLIF;TRB:CASSSRSSYEQYF",4,0.000942729201037002,"CAVQGSQGNLIF","CASSSRSSYEQYF"
"TRA:CAVSGGGGSQGNLIF;TRB:CASSIRSGVEQFF",4,0.000942729201037002,"CAVSGGGGSQGNLIF","CASSIRSGVEQFF"
"TRA:CGTDWGGGSQGNLIF;TRB:CASSIRSTDTQYF",4,0.000942729201037002,"CGTDWGGGSQGNLIF","CASSIRSTDTQYF"
"TRA:CVVSDNPGNTGKLIF;TRB:CASSISGLGEQYF",4,0.000942729201037002,"CVVSDNPGNTGKLIF","CASSISGLGEQYF"
"TRA:CAAGENAGGTSYGKLTF;TRB:CASSIGFYGYTF",3,0.000707046900777752,"CAAGENAGGTSYGKLTF","CASSIGFYGYTF"
"TRA:CAAISGGYNKLIF;TRB:CASSTRSDGELFF",3,0.000707046900777752,"CAAISGGYNKLIF","CASSTRSDGELFF"
"TRA:CAANYGGSQGNLIF;TRB:CASSGRSTGELFF",3,0.000707046900777752,"CAANYGGSQGNLIF","CASSGRSTGELFF"
"TRA:CAANYGGSQGNLIF;TRB:CASSTRSDGELFF",3,0.000707046900777752,"CAANYGGSQGNLIF","CASSTRSDGELFF"
"TRA:CAANYGGSQGNLIF;TRB:CASSVRSTGELFF",3,0.000707046900777752,"CAANYGGSQGNLIF","CASSVRSTGELFF"
"TRA:CAASGSQGNLIF;TRB:CASSIRSQETQYF",3,0.000707046900777752,"CAASGSQGNLIF","CASSIRSQETQYF"
"TRA:CAASYFGNEKLTF;TRB:CASSSAQGGNEQFF",3,0.000707046900777752,"CAASYFGNEKLTF","CASSSAQGGNEQFF"
"TRA:CAENRGGGSQGNLIF;TRB:CAWTPPGLALFTDTQYF",3,0.000707046900777752,"CAENRGGGSQGNLIF","CAWTPPGLALFTDTQYF"
"TRA:CAENWGGGSQGNLIF;TRB:CASSGRAGNEQFF",3,0.000707046900777752,"CAENWGGGSQGNLIF","CASSGRAGNEQFF"
"TRA:CAFMKHIGGAQKLVF;TRB:CASSQDELTTNEKLFF",3,0.000707046900777752,"CAFMKHIGGAQKLVF","CASSQDELTTNEKLFF"
"TRA:CAGAGGGSQGNLIF;TRB:CASSIRAGYEQYF",3,0.000707046900777752,"CAGAGGGSQGNLIF","CASSIRAGYEQYF"
"TRA:CAGAGGGSQGNLIF;TRB:CASSTRSGYEQYF",3,0.000707046900777752,"CAGAGGGSQGNLIF","CASSTRSGYEQYF"
"TRA:CAGAGGNTGKLIF;TRB:CASSTRSDGELFF",3,0.000707046900777752,"CAGAGGNTGKLIF","CASSTRSDGELFF"
"TRA:CAGAHGGSQGNLIF;TRB:CASSTRSDGELFF",3,0.000707046900777752,"CAGAHGGSQGNLIF","CASSTRSDGELFF"
"TRA:CAGQYGGSQGNLIF;TRB:CASSMRSTGELFF",3,0.000707046900777752,"CAGQYGGSQGNLIF","CASSMRSTGELFF"
"TRA:CAGVGGGSQGNLIF;TRB:CASSTRSDGELFF",3,0.000707046900777752,"CAGVGGGSQGNLIF","CASSTRSDGELFF"
"TRA:CAMSGSGGSQGNLIF;TRB:CASSTRSDGELFF",3,0.000707046900777752,"CAMSGSGGSQGNLIF","CASSTRSDGELFF"
"TRA:CAMSGSGGSQGNLIF;TRB:CASSVRSGDTQYF",3,0.000707046900777752,"CAMSGSGGSQGNLIF","CASSVRSGDTQYF"
"TRA:CAPQGSQGNLIF;TRB:CSRAGNTIYF",3,0.000707046900777752,"CAPQGSQGNLIF","CSRAGNTIYF"
"TRA:CASWGDGGSQGNLIF;TRB:CASSTRSDGELFF",3,0.000707046900777752,"CASWGDGGSQGNLIF","CASSTRSDGELFF"
"TRA:CATGETSGSRLTF;TRB:CASSVMGVNTGELFF",3,0.000707046900777752,"CATGETSGSRLTF","CASSVMGVNTGELFF"
"TRA:CAVDIYGRGSTLGRLYF;TRB:CASSIFSGSLEEQYF",3,0.000707046900777752,"CAVDIYGRGSTLGRLYF","CASSIFSGSLEEQYF"
"TRA:CAVGEGNTPLVF;TRB:CASSLPIGETQYF",3,0.000707046900777752,"CAVGEGNTPLVF","CASSLPIGETQYF"
"TRA:CAVGPNYGGSQGNLIF;TRB:CASQTTGVEGYTF",3,0.000707046900777752,"CAVGPNYGGSQGNLIF","CASQTTGVEGYTF"
"TRA:CAVNEGGGSQGNLIF;TRB:CASSIRSGYEQYF",3,0.000707046900777752,"CAVNEGGGSQGNLIF","CASSIRSGYEQYF"
"TRA:CAVRDGTGANNLFF;TRB:CASSIVSTGELFF",3,0.000707046900777752,"CAVRDGTGANNLFF","CASSIVSTGELFF"
"TRA:CAVTAFFGNEKLTF;TRB:CATSDKLLDFGAGELFF",3,0.000707046900777752,"CAVTAFFGNEKLTF","CATSDKLLDFGAGELFF"
"TRA:CGTDWGGGSQGNLIF;TRB:CASSTRSDGELFF",3,0.000707046900777752,"CGTDWGGGSQGNLIF","CASSTRSDGELFF"
"TRA:CVVSAQGGNKLTF;TRB:CASSFGQGLQPQHF",3,0.000707046900777752,"CVVSAQGGNKLTF","CASSFGQGLQPQHF"
"TRA:CAAAGGGSQGNLIF;TRB:CASSGRSSYNEQFF",2,0.000471364600518501,"CAAAGGGSQGNLIF","CASSGRSSYNEQFF"
"TRA:CAAPPRSNSGYALNF;TRB:CASSIRGGPAGELFF",2,0.000471364600518501,"CAAPPRSNSGYALNF","CASSIRGGPAGELFF"
"TRA:CAASAAGGAAGNKLTF;TRB:CASRQSGSPGVEQFF",2,0.000471364600518501,"CAASAAGGAAGNKLTF","CASRQSGSPGVEQFF"
"TRA:CAASMGGGSQGNLIF;TRB:CSTSGRSTDTQYF",2,0.000471364600518501,"CAASMGGGSQGNLIF","CSTSGRSTDTQYF"
"TRA:CAEKRGYGQNFVF;TRB:CASSIRSSYEQYF",2,0.000471364600518501,"CAEKRGYGQNFVF","CASSIRSSYEQYF"
"TRA:CAERPGNTGKLIF;TRB:CASSTRSDGELFF",2,0.000471364600518501,"CAERPGNTGKLIF","CASSTRSDGELFF"
"TRA:CAETGGGSQGNLIF;TRB:CASSVRSSYEQYF",2,0.000471364600518501,"CAETGGGSQGNLIF","CASSVRSSYEQYF"
"TRA:CAFMINAGGTSYGKLTF;TRB:CASSIGSYGYTF",2,0.000471364600518501,"CAFMINAGGTSYGKLTF","CASSIGSYGYTF"
"TRA:CAGADGGSQGNLIF;TRB:CASSSRSADTQYF",2,0.000471364600518501,"CAGADGGSQGNLIF","CASSSRSADTQYF"
"TRA:CAGAGGGSQGNLIF;TRB:CASSKRSTDTQYF",2,0.000471364600518501,"CAGAGGGSQGNLIF","CASSKRSTDTQYF"
"TRA:CAGAGSQGNLIF;TRB:CASSSRSSYEQYF",2,0.000471364600518501,"CAGAGSQGNLIF","CASSSRSSYEQYF"
"TRA:CAGALGGGSQGNLIF;TRB:CASSTRSDGELFF",2,0.000471364600518501,"CAGALGGGSQGNLIF","CASSTRSDGELFF"
"TRA:CAGANGGSQGNLIF;TRB:CASSIRSDGELFF",2,0.000471364600518501,"CAGANGGSQGNLIF","CASSIRSDGELFF"
"TRA:CAGAPGSGNTGKLIF;TRB:CASSIRSSYEQYF",2,0.000471364600518501,"CAGAPGSGNTGKLIF","CASSIRSSYEQYF"
"TRA:CAGARGNTGKLIF;TRB:CASSIFGGSTYNEQFF",2,0.000471364600518501,"CAGARGNTGKLIF","CASSIFGGSTYNEQFF"
"TRA:CAGASGGSQGNLIF;TRB:CASSGRATGELFF",2,0.000471364600518501,"CAGASGGSQGNLIF","CASSGRATGELFF"
"TRA:CAGGGSGNTGKLIF;TRB:CASSTRSDGELFF",2,0.000471364600518501,"CAGGGSGNTGKLIF","CASSTRSDGELFF"
"TRA:CAGGYGGSQGNLIF;TRB:CASSIRSTGELFF",2,0.000471364600518501,"CAGGYGGSQGNLIF","CASSIRSTGELFF"
"TRA:CAGPEGGGSQGNLIF;TRB:CASSPRSTDTQYF",2,0.000471364600518501,"CAGPEGGGSQGNLIF","CASSPRSTDTQYF"
"TRA:CAGPLSGGSQGNLIF;TRB:CASSRRSGGEQYF",2,0.000471364600518501,"CAGPLSGGSQGNLIF","CASSRRSGGEQYF"
"TRA:CAGPLSGGSQGNLIF;TRB:CASSTRSDGELFF",2,0.000471364600518501,"CAGPLSGGSQGNLIF","CASSTRSDGELFF"
"TRA:CAGQPPRSNTNAGKSTF;TRB:CASSIRSSDTQYF",2,0.000471364600518501,"CAGQPPRSNTNAGKSTF","CASSIRSSDTQYF"
"TRA:CAGQPPRSNTNAGKSTF;TRB:CASSTRSDGELFF",2,0.000471364600518501,"CAGQPPRSNTNAGKSTF","CASSTRSDGELFF"
"TRA:CAGQYGGSQGNLIF;TRB:CATQVPLFYEQYF",2,0.000471364600518501,"CAGQYGGSQGNLIF","CATQVPLFYEQYF"
"TRA:CAGRPSNAGNMLTF;TRB:CASQTTGVEGYTF",2,0.000471364600518501,"CAGRPSNAGNMLTF","CASQTTGVEGYTF"
"TRA:CAGSHGGSQGNLIF;TRB:CASRMGNTGELFF",2,0.000471364600518501,"CAGSHGGSQGNLIF","CASRMGNTGELFF"
"TRA:CAGSHGGSQGNLIF;TRB:CASSGRGADTQYF",2,0.000471364600518501,"CAGSHGGSQGNLIF","CASSGRGADTQYF"
"TRA:CAIMDSNYQLIW;TRB:CSAKSGGEEETQYF",2,0.000471364600518501,"CAIMDSNYQLIW","CSAKSGGEEETQYF"
"TRA:CALPFCGTASKLTF;TRB:CASSTRPDGELFF",2,0.000471364600518501,"CALPFCGTASKLTF","CASSTRPDGELFF"
"TRA:CALRPNAGNNRKLIW;TRB:CASSRVGIDTQYF",2,0.000471364600518501,"CALRPNAGNNRKLIW","CASSRVGIDTQYF"
"TRA:CALSEANWRSGGSNYKLTF;TRB:CASSEWLDLNEQFF",2,0.000471364600518501,"CALSEANWRSGGSNYKLTF","CASSEWLDLNEQFF"
"TRA:CALSEAPETSGSRLTF;TRB:CASSILAGSYNEQFF",2,0.000471364600518501,"CALSEAPETSGSRLTF","CASSILAGSYNEQFF"
"TRA:CAMNYGGSQGNLIF;TRB:CASSIRSTDTQYF",2,0.000471364600518501,"CAMNYGGSQGNLIF","CASSIRSTDTQYF"
"TRA:CAMRDDTGGFKTIF;TRB:CASSVDRGIGTGELFF",2,0.000471364600518501,"CAMRDDTGGFKTIF","CASSVDRGIGTGELFF"
"TRA:CAPQGSQGNLIF;TRB:CASSIRSSYEQYF",2,0.000471364600518501,"CAPQGSQGNLIF","CASSIRSSYEQYF"
"TRA:CASHFDILTGGGNKLTF;TRB:CASSGRGADTQYF",2,0.000471364600518501,"CASHFDILTGGGNKLTF","CASSGRGADTQYF"
"TRA:CASHFDILTGGGNKLTF;TRB:CASSIRAAYEQYF",2,0.000471364600518501,"CASHFDILTGGGNKLTF","CASSIRAAYEQYF"
"TRA:CASHFDILTGGGNKLTF;TRB:CASSIRSSYEQFF",2,0.000471364600518501,"CASHFDILTGGGNKLTF","CASSIRSSYEQFF"
"TRA:CASHFDILTGGGNKLTF;TRB:CASSTRSTGELFF",2,0.000471364600518501,"CASHFDILTGGGNKLTF","CASSTRSTGELFF"
"TRA:CASHFDILTGGGNKLTF;TRB:CSADPGQGFYEQYF",2,0.000471364600518501,"CASHFDILTGGGNKLTF","CSADPGQGFYEQYF"
"TRA:CATDGASGNTGKLIF;TRB:CASSIFSAGGTEAFF",2,0.000471364600518501,"CATDGASGNTGKLIF","CASSIFSAGGTEAFF"
"TRA:CATGETSGSRLTF;TRB:CASSTRSDGELFF",2,0.000471364600518501,"CATGETSGSRLTF","CASSTRSDGELFF"
"TRA:CAVDADQTGANNLFF;TRB:CASQALAVNEQFF",2,0.000471364600518501,"CAVDADQTGANNLFF","CASQALAVNEQFF"
"TRA:CAVKDSGNTPLVF;TRB:CASSRESSSSYNEQFF",2,0.000471364600518501,"CAVKDSGNTPLVF","CASSRESSSSYNEQFF"
"TRA:CAVNMGGGSQGNLIF;TRB:CASSMRSDEKLFF",2,0.000471364600518501,"CAVNMGGGSQGNLIF","CASSMRSDEKLFF"
"TRA:CAVNPFTSGTYKYIF;TRB:CSATTGSLYEQYF",2,0.000471364600518501,"CAVNPFTSGTYKYIF","CSATTGSLYEQYF"
"TRA:CAVNPPNTDKLIF;TRB:CASSPGTTYGYTF",2,0.000471364600518501,"CAVNPPNTDKLIF","CASSPGTTYGYTF"
"TRA:CAVPMATDSWGKLQF;TRB:CSARGGTPNSYNEQFF",2,0.000471364600518501,"CAVPMATDSWGKLQF","CSARGGTPNSYNEQFF"
"TRA:CAVRDGTAGNKLTF;TRB:CASTPFEGGMNEQFF",2,0.000471364600518501,"CAVRDGTAGNKLTF","CASTPFEGGMNEQFF"
"TRA:CAVRGVGGYQKVTF;TRB:CASSDGSATQYF",2,0.000471364600518501,"CAVRGVGGYQKVTF","CASSDGSATQYF"
"TRA:CAVSDQGAGRDDKIIF;TRB:CASSTRSDGELFF",2,0.000471364600518501,"CAVSDQGAGRDDKIIF","CASSTRSDGELFF"
"TRA:CAVSGSQGNLIF;TRB:CASSQGLAGVGEQYF",2,0.000471364600518501,"CAVSGSQGNLIF","CASSQGLAGVGEQYF"
"TRA:CAYSSGGGSQGNLIF;TRB:CASSSRASYEQYF",2,0.000471364600518501,"CAYSSGGGSQGNLIF","CASSSRASYEQYF"
"TRA:CLVGDRPTGGFKTIF;TRB:CSAPTGGYEQYF",2,0.000471364600518501,"CLVGDRPTGGFKTIF","CSAPTGGYEQYF"
"TRA:CLVGEYDMRF;TRB:CSADLRGHSDEQYF",2,0.000471364600518501,"CLVGEYDMRF","CSADLRGHSDEQYF"
"TRA:CVVRASGGSYIPTF;TRB:CASSATWTGDYEQYF",2,0.000471364600518501,"CVVRASGGSYIPTF","CASSATWTGDYEQYF"
"TRA:CAAAGGGSQGNLIF;TRB:CASSTRSDGELFF",1,0.000235682300259251,"CAAAGGGSQGNLIF","CASSTRSDGELFF"
"TRA:CAAAGSNAGNMLTF;TRB:CATTPAGGTEAFF",1,0.000235682300259251,"CAAAGSNAGNMLTF","CATTPAGGTEAFF"
"TRA:CAAETIYNTDKLIF;TRB:CASREGSPPYNEQFF",1,0.000235682300259251,"CAAETIYNTDKLIF","CASREGSPPYNEQFF"
"TRA:CAAFEPGSQGNLIF;TRB:CASSLAGGPEQYF",1,0.000235682300259251,"CAAFEPGSQGNLIF","CASSLAGGPEQYF"
"TRA:CAAGSQGGSEKLVF;TRB:CASSQGGISTDTQYF",1,0.000235682300259251,"CAAGSQGGSEKLVF","CASSQGGISTDTQYF"
"TRA:CAAHEFNKFYF;TRB:CSVEGLGTSADNEQFF",1,0.000235682300259251,"CAAHEFNKFYF","CSVEGLGTSADNEQFF"
"TRA:CAAIHGSSNTGKLIF;TRB:CASSHTSGKETQYF",1,0.000235682300259251,"CAAIHGSSNTGKLIF","CASSHTSGKETQYF"
"TRA:CAAIRGGGADGLTF;TRB:CASSRTGGGDTQYF",1,0.000235682300259251,"CAAIRGGGADGLTF","CASSRTGGGDTQYF"
"TRA:CAAISGGYNKLIF;TRB:CASSIRSSNEQFF",1,0.000235682300259251,"CAAISGGYNKLIF","CASSIRSSNEQFF"
"TRA:CAAITAGNKLTF;TRB:CASSTGLAVNEQFF",1,0.000235682300259251,"CAAITAGNKLTF","CASSTGLAVNEQFF"
"TRA:CAALGGGYQKVTF;TRB:CASSPGQGSYEQYF",1,0.000235682300259251,"CAALGGGYQKVTF","CASSPGQGSYEQYF"
"TRA:CAALNNNARLMF;TRB:CASSILFHTGELFF",1,0.000235682300259251,"CAALNNNARLMF","CASSILFHTGELFF"
"TRA:CAANYGGSQGNLIF;TRB:CASSMRSTDTQYF",1,0.000235682300259251,"CAANYGGSQGNLIF","CASSMRSTDTQYF"
"TRA:CAAPGQTGNMLTF;TRB:CASSFRDSSSGNTIYF",1,0.000235682300259251,"CAAPGQTGNMLTF","CASSFRDSSSGNTIYF"
"TRA:CAAPGSNTGKLIF;TRB:CASSIRSSYEQYF",1,0.000235682300259251,"CAAPGSNTGKLIF","CASSIRSSYEQYF"
"TRA:CAAPPRSNSGYALNF;TRB:CASSTRSDGELFF",1,0.000235682300259251,"CAAPPRSNSGYALNF","CASSTRSDGELFF"
"TRA:CAAQGGSQGNLIF;TRB:CASSLGARTNEKLFF",1,0.000235682300259251,"CAAQGGSQGNLIF","CASSLGARTNEKLFF"
"TRA:CAAQGSQGNLIF;TRB:CASSTRSDGELFF",1,0.000235682300259251,"CAAQGSQGNLIF","CASSTRSDGELFF"
"TRA:CAAQGSQGNLIF;TRB:CASSTRSSYEQYF",1,0.000235682300259251,"CAAQGSQGNLIF","CASSTRSSYEQYF"
"TRA:CAARDTGTASKLTF;TRB:CASTREGPDTQYF",1,0.000235682300259251,"CAARDTGTASKLTF","CASTREGPDTQYF"
"TRA:CAARPGGGSQGNLIF;TRB:CASSTAGGTQYF",1,0.000235682300259251,"CAARPGGGSQGNLIF","CASSTAGGTQYF"
"TRA:CAASAGGGSQGNLIF;TRB:CASSTRSDGELFF",1,0.000235682300259251,"CAASAGGGSQGNLIF","CASSTRSDGELFF"
"TRA:CAASAGSNFGNEKLTF;TRB:CASSPGPYLSYEQYF",1,0.000235682300259251,"CAASAGSNFGNEKLTF","CASSPGPYLSYEQYF"
"TRA:CAASAKRGSGYALNF;TRB:CASSLGQFTQYF",1,0.000235682300259251,"CAASAKRGSGYALNF","CASSLGQFTQYF"
"TRA:CAASALVNRDDKIIF;TRB:CASGGGNTEAFF",1,0.000235682300259251,"CAASALVNRDDKIIF","CASGGGNTEAFF"
"TRA:CAASASSGAGSYQLTF;TRB:CASSNRGRGRVNQAFF",1,0.000235682300259251,"CAASASSGAGSYQLTF","CASSNRGRGRVNQAFF"
"TRA:CAASATRGSQGNLIF;TRB:CASSLRRTSNTGELFF",1,0.000235682300259251,"CAASATRGSQGNLIF","CASSLRRTSNTGELFF"
"TRA:CAASDREYGNKLVF;TRB:CASSQTGTVTEQYF",1,0.000235682300259251,"CAASDREYGNKLVF","CASSQTGTVTEQYF"
"TRA:CAASDSGGSNYKLTF;TRB:CASSRQSWETQYF",1,0.000235682300259251,"CAASDSGGSNYKLTF","CASSRQSWETQYF"
"TRA:CAASGDSGNTPLVF;TRB:CASSLLNSGRDEQYF",1,0.000235682300259251,"CAASGDSGNTPLVF","CASSLLNSGRDEQYF"
"TRA:CAASGNTDKLIF;TRB:CSASGGAQQGYTF",1,0.000235682300259251,"CAASGNTDKLIF","CSASGGAQQGYTF"
"TRA:CAASIGAAGNKLTF;TRB:CSAESSGGSEKLFF",1,0.000235682300259251,"CAASIGAAGNKLTF","CSAESSGGSEKLFF"
"TRA:CAASIYGGSTLGRLYF;TRB:CASSLGSSMEQFF",1,0.000235682300259251,"CAASIYGGSTLGRLYF","CASSLGSSMEQFF"
"TRA:CAASKGSGGNNRKLIW;TRB:CASSYNNEQFF",1,0.000235682300259251,"CAASKGSGGNNRKLIW","CASSYNNEQFF"
"TRA:CAASKRKDSNYQLIW;TRB:CASGSREGNYEQYF",1,0.000235682300259251,"CAASKRKDSNYQLIW","CASGSREGNYEQYF"
"TRA:CAASMGGGSQGNLIF;TRB:CASSGRSSYNEQFF",1,0.000235682300259251,"CAASMGGGSQGNLIF","CASSGRSSYNEQFF"
"TRA:CAASMGGGSQGNLIF;TRB:CASSIRSTGELFF",1,0.000235682300259251,"CAASMGGGSQGNLIF","CASSIRSTGELFF"
"TRA:CAASMTGSYQLTF;TRB:CASSGAGGTSYNEQFF",1,0.000235682300259251,"CAASMTGSYQLTF","CASSGAGGTSYNEQFF"
"TRA:CAASPEVSGNTPLVF;TRB:CASSTVVGGEKLFF",1,0.000235682300259251,"CAASPEVSGNTPLVF","CASSTVVGGEKLFF"
"TRA:CAASPGYSSASKIIF;TRB:CASSLAGTGQETQYF",1,0.000235682300259251,"CAASPGYSSASKIIF","CASSLAGTGQETQYF"
"TRA:CAASPNRDDKIIF;TRB:CASSVSVEQFF",1,0.000235682300259251,"CAASPNRDDKIIF","CASSVSVEQFF"
"TRA:CAASVHQGAQKLVF;TRB:CASSRTGTGPYNEQFF",1,0.000235682300259251,"CAASVHQGAQKLVF","CASSRTGTGPYNEQFF"
"TRA:CAASWSGGYQKVTF;TRB:CASSIISDVGAYNEQFF",1,0.000235682300259251,"CAASWSGGYQKVTF","CASSIISDVGAYNEQFF"
"TRA:CAATIQGAQKLVF;TRB:CASSPQGLAGTDTQYF",1,0.000235682300259251,"CAATIQGAQKLVF","CASSPQGLAGTDTQYF"
"TRA:CAATPGNTGKLIF;TRB:CASSTYSTDTQYF",1,0.000235682300259251,"CAATPGNTGKLIF","CASSTYSTDTQYF"
"TRA:CAATQTHAGNNRKLIW;TRB:CASSTGLYGYTF",1,0.000235682300259251,"CAATQTHAGNNRKLIW","CASSTGLYGYTF"
"TRA:CAAVSWGKLQF;TRB:CASSLERLAGPGELFF",1,0.000235682300259251,"CAAVSWGKLQF","CASSLERLAGPGELFF"
"TRA:CAAVYGGSQGNLIF;TRB:CASSIRSAHEQFF",1,0.000235682300259251,"CAAVYGGSQGNLIF","CASSIRSAHEQFF"
"TRA:CAAYHNFGNEKLTF;TRB:CSVDRRDREGTDTQYF",1,0.000235682300259251,"CAAYHNFGNEKLTF","CSVDRRDREGTDTQYF"
"TRA:CAAYRRNTDKLIF;TRB:CASSNYIADTQYF",1,0.000235682300259251,"CAAYRRNTDKLIF","CASSNYIADTQYF"
"TRA:CAAYRRNTDKLIF;TRB:CASSPRAGNEQFF",1,0.000235682300259251,"CAAYRRNTDKLIF","CASSPRAGNEQFF"
"TRA:CACNTNAGKSTF;TRB:CASSQGQGRDQPQHF",1,0.000235682300259251,"CACNTNAGKSTF","CASSQGQGRDQPQHF"
"TRA:CADTSYGQNFVF;TRB:CASSRLDRGTTNEKLFF",1,0.000235682300259251,"CADTSYGQNFVF","CASSRLDRGTTNEKLFF"
"TRA:CAEKRGGNKLTF;TRB:CASSGQPNTEAFF",1,0.000235682300259251,"CAEKRGGNKLTF","CASSGQPNTEAFF"
"TRA:CAEKSTNFGNEKLTF;TRB:CASSVEGTSGRRGYEQFF",1,0.000235682300259251,"CAEKSTNFGNEKLTF","CASSVEGTSGRRGYEQFF"
"TRA:CAENGGGGSQGNLIF;TRB:CASSGRSSYNEQFF",1,0.000235682300259251,"CAENGGGGSQGNLIF","CASSGRSSYNEQFF"
"TRA:CAENIGGGSQGNLIF;TRB:CASSLRGANEQFF",1,0.000235682300259251,"CAENIGGGSQGNLIF","CASSLRGANEQFF"
"TRA:CAENIRNARLMF;TRB:CASSPESQGTEAFF",1,0.000235682300259251,"CAENIRNARLMF","CASSPESQGTEAFF"
"TRA:CAENKGGGSQGNLIF;TRB:CASSRRSTDTQYF",1,0.000235682300259251,"CAENKGGGSQGNLIF","CASSRRSTDTQYF"
"TRA:CAENLFRRMDSSYKLIF;TRB:CASSIRSTGELFF",1,0.000235682300259251,"CAENLFRRMDSSYKLIF","CASSIRSTGELFF"
"TRA:CAENMGGGSQGNLIF;TRB:CASSGRSGNTIYF",1,0.000235682300259251,"CAENMGGGSQGNLIF","CASSGRSGNTIYF"
"TRA:CAENMGGGSQGNLIF;TRB:CASSLVGTLGETQYF",1,0.000235682300259251,"CAENMGGGSQGNLIF","CASSLVGTLGETQYF"
"TRA:CAENMGGGSQGNLIF;TRB:CASSMRSTGELFF",1,0.000235682300259251,"CAENMGGGSQGNLIF","CASSMRSTGELFF"
"TRA:CAENMGGGSQGNLIF;TRB:CASSPDWYQETQYF",1,0.000235682300259251,"CAENMGGGSQGNLIF","CASSPDWYQETQYF"
"TRA:CAENMGGGSQGNLIF;TRB:CSASTLAGITDTQYF",1,0.000235682300259251,"CAENMGGGSQGNLIF","CSASTLAGITDTQYF"
"TRA:CAENNQGGKLIF;TRB:CASSGRSADTQYF",1,0.000235682300259251,"CAENNQGGKLIF","CASSGRSADTQYF"
"TRA:CAENPSGGYQKVTF;TRB:CASSDVTGSNEKLFF",1,0.000235682300259251,"CAENPSGGYQKVTF","CASSDVTGSNEKLFF"
"TRA:CAENWGGGSQGNLIF;TRB:CASSIRAAYEQYF",1,0.000235682300259251,"CAENWGGGSQGNLIF","CASSIRAAYEQYF"
"TRA:CAEPPGDTDKLIF;TRB:CASSSLSALTYEQYF",1,0.000235682300259251,"CAEPPGDTDKLIF","CASSSLSALTYEQYF"
"TRA:CAESAYGQNFVF;TRB:CASNLGEGTGELFF",1,0.000235682300259251,"CAESAYGQNFVF","CASNLGEGTGELFF"
"TRA:CAESIKDNDMRF;TRB:CSAIRTVSYNEQFF",1,0.000235682300259251,"CAESIKDNDMRF","CSAIRTVSYNEQFF"
"TRA:CAESLSSNDYKLSF;TRB:CASSPGYGYTF",1,0.000235682300259251,"CAESLSSNDYKLSF","CASSPGYGYTF"
"TRA:CAESMGGGSQGNLIF;TRB:CASSIRSSNEQFF",1,0.000235682300259251,"CAESMGGGSQGNLIF","CASSIRSSNEQFF"
"TRA:CAESMGGGSQGNLIF;TRB:CASSTRSDGELFF",1,0.000235682300259251,"CAESMGGGSQGNLIF","CASSTRSDGELFF"
"TRA:CAESSGGGSQGNLIF;TRB:CASSMRSSHEQYF",1,0.000235682300259251,"CAESSGGGSQGNLIF","CASSMRSSHEQYF"
"TRA:CAESSGGGSQGNLIF;TRB:CASSTRSDGELFF",1,0.000235682300259251,"CAESSGGGSQGNLIF","CASSTRSDGELFF"
"TRA:CAETGGGSQGNLIF;TRB:CASSTRPAGELFF",1,0.000235682300259251,"CAETGGGSQGNLIF","CASSTRPAGELFF"
"TRA:CAETGGTSYGKLTF;TRB:CSAKGADGGRYYEQYF",1,0.000235682300259251,"CAETGGTSYGKLTF","CSAKGADGGRYYEQYF"
"TRA:CAETGNTGNQFYF;TRB:CASSGRDTQYF",1,0.000235682300259251,"CAETGNTGNQFYF","CASSGRDTQYF"
"TRA:CAETGVDSSYKLIF;TRB:CSAPGGQGDGYTF",1,0.000235682300259251,"CAETGVDSSYKLIF","CSAPGGQGDGYTF"
"TRA:CAEVSSNTGKLIF;TRB:CASSFWGDEQFF",1,0.000235682300259251,"CAEVSSNTGKLIF","CASSFWGDEQFF"
"TRA:CAFAVFGNEKLTF;TRB:CASSPAGGAPEAFF",1,0.000235682300259251,"CAFAVFGNEKLTF","CASSPAGGAPEAFF"
"TRA:CAFDNYGQNFVF;TRB:CASSPRGQENYGYTF",1,0.000235682300259251,"CAFDNYGQNFVF","CASSPRGQENYGYTF"
"TRA:CAFFFTDKLIF;TRB:CASSATGTSGGGQYF",1,0.000235682300259251,"CAFFFTDKLIF","CASSATGTSGGGQYF"
"TRA:CAFIAQDAGNMLTF;TRB:CASSPRGGLEQYF",1,0.000235682300259251,"CAFIAQDAGNMLTF","CASSPRGGLEQYF"
"TRA:CAFKAGGTSYGKLTF;TRB:CASSQGLAEQETQYF",1,0.000235682300259251,"CAFKAGGTSYGKLTF","CASSQGLAEQETQYF"
"TRA:CAFMDSNYQLIW;TRB:CASSPGLATDTQYF",1,0.000235682300259251,"CAFMDSNYQLIW","CASSPGLATDTQYF"
"TRA:CAFMINAGGTSYGKLTF;TRB:CASSTRSDGELFF",1,0.000235682300259251,"CAFMINAGGTSYGKLTF","CASSTRSDGELFF"
"TRA:CAFMINAGGTSYGKLTF;TRB:CASSTRSEGELFF",1,0.000235682300259251,"CAFMINAGGTSYGKLTF","CASSTRSEGELFF"
"TRA:CAFMSHAGGTSYGKLTF;TRB:CASSIGSYGYTF",1,0.000235682300259251,"CAFMSHAGGTSYGKLTF","CASSIGSYGYTF"
"TRA:CAFPPGNTGKLIF;TRB:CASSIRSSYEQYF",1,0.000235682300259251,"CAFPPGNTGKLIF","CASSIRSSYEQYF"
"TRA:CAFVLISNFGNEKLTF;TRB:CASSFGAFETQYF",1,0.000235682300259251,"CAFVLISNFGNEKLTF","CASSFGAFETQYF"
"TRA:CAGADGGSQGNLIF;TRB:CASSGRSSYNEQFF",1,0.000235682300259251,"CAGADGGSQGNLIF","CASSGRSSYNEQFF"
"TRA:CAGADGGSQGNLIF;TRB:CASSIRASYEQYF",1,0.000235682300259251,"CAGADGGSQGNLIF","CASSIRASYEQYF"
"TRA:CAGADGSGNTGKLIF;TRB:CASSTRSDGELFF",1,0.000235682300259251,"CAGADGSGNTGKLIF","CASSTRSDGELFF"
"TRA:CAGADGSGNTGKLIF;TRB:CASSVRSAYEQYF",1,0.000235682300259251,"CAGADGSGNTGKLIF","CASSVRSAYEQYF"
"TRA:CAGADQGGKLIF;TRB:CASEVGSQRNSPLHF",1,0.000235682300259251,"CAGADQGGKLIF","CASEVGSQRNSPLHF"
"TRA:CAGAGGGSQGNLIF;TRB:CASSFSDSGYTF",1,0.000235682300259251,"CAGAGGGSQGNLIF","CASSFSDSGYTF"
"TRA:CAGAGGGSQGNLIF;TRB:CASSGRSADTQYF",1,0.000235682300259251,"CAGAGGGSQGNLIF","CASSGRSADTQYF"
"TRA:CAGAGGGSQGNLIF;TRB:CASSIRASYEQYF",1,0.000235682300259251,"CAGAGGGSQGNLIF","CASSIRASYEQYF"
"TRA:CAGAGGGSQGNLIF;TRB:CASSIRSSGGQFF",1,0.000235682300259251,"CAGAGGGSQGNLIF","CASSIRSSGGQFF"
"TRA:CAGAGGGSQGNLIF;TRB:CASSLRSTDTQYF",1,0.000235682300259251,"CAGAGGGSQGNLIF","CASSLRSTDTQYF"
"TRA:CAGAGGGSQGNLIF;TRB:CASSMRSGGEQFF",1,0.000235682300259251,"CAGAGGGSQGNLIF","CASSMRSGGEQFF"
"TRA:CAGAGGGSQGNLIF;TRB:CASSQVRAYNSPLHF",1,0.000235682300259251,"CAGAGGGSQGNLIF","CASSQVRAYNSPLHF"
"TRA:CAGAGGGSQGNLIF;TRB:CASSRRSTGELFF",1,0.000235682300259251,"CAGAGGGSQGNLIF","CASSRRSTGELFF"
"TRA:CAGAGGNTGKLIF;TRB:CASSRRSGGEQYF",1,0.000235682300259251,"CAGAGGNTGKLIF","CASSRRSGGEQYF"
"TRA:CAGAGQRGSQGNLIF;TRB:CASSTRSDGELFF",1,0.000235682300259251,"CAGAGQRGSQGNLIF","CASSTRSDGELFF"
"TRA:CAGAGSQGNLIF;TRB:CASSTRSDGELFF",1,0.000235682300259251,"CAGAGSQGNLIF","CASSTRSDGELFF"
"TRA:CAGAHGGRQGNLIF;TRB:CASSTRSDGELFF",1,0.000235682300259251,"CAGAHGGRQGNLIF","CASSTRSDGELFF"
"TRA:CAGALGGGSQGNLIF;TRB:CASSFRSSYEQYF",1,0.000235682300259251,"CAGALGGGSQGNLIF","CASSFRSSYEQYF"
"TRA:CAGALGLKGGSQGNLIF;TRB:CASSVRSAYEQYF",1,0.000235682300259251,"CAGALGLKGGSQGNLIF","CASSVRSAYEQYF"
"TRA:CAGAPGGGSQGNLIF;TRB:CASSTRSSYEQYF",1,0.000235682300259251,"CAGAPGGGSQGNLIF","CASSTRSSYEQYF"
"TRA:CAGAPGSGNTGKLIF;TRB:CASSTRSDGELFF",1,0.000235682300259251,"CAGAPGSGNTGKLIF","CASSTRSDGELFF"
"TRA:CAGARGNTGKLIF;TRB:CASSTRSDGELFF",1,0.000235682300259251,"CAGARGNTGKLIF","CASSTRSDGELFF"
"TRA:CAGASGGSQGNLIF;TRB:CASSIRSTDTQYF",1,0.000235682300259251,"CAGASGGSQGNLIF","CASSIRSTDTQYF"
"TRA:CAGASGGSQGNLIF;TRB:CASSTSSDGELFF",1,0.000235682300259251,"CAGASGGSQGNLIF","CASSTSSDGELFF"
"TRA:CAGASGNTGKLIF;TRB:CASSIIVRDEQFF",1,0.000235682300259251,"CAGASGNTGKLIF","CASSIIVRDEQFF"
"TRA:CAGASGNTGKLIF;TRB:CASSILATDTQYL",1,0.000235682300259251,"CAGASGNTGKLIF","CASSILATDTQYL"
"TRA:CAGASGNTGKLIF;TRB:CASSTRSSYEQYF",1,0.000235682300259251,"CAGASGNTGKLIF","CASSTRSSYEQYF"
"TRA:CAGASGNTGKLIF;TRB:CAWSVGPSNSHEQFF",1,0.000235682300259251,"CAGASGNTGKLIF","CAWSVGPSNSHEQFF"
"TRA:CAGCNAGGTSYGKLTF;TRB:CASSVGGVSSTDTQYF",1,0.000235682300259251,"CAGCNAGGTSYGKLTF","CASSVGGVSSTDTQYF"
"TRA:CAGDGSQGNLIF;TRB:CASSARSDGELFF",1,0.000235682300259251,"CAGDGSQGNLIF","CASSARSDGELFF"
"TRA:CAGDINTNAGKSTF;TRB:CSAINGQYGEQFF",1,0.000235682300259251,"CAGDINTNAGKSTF","CSAINGQYGEQFF"
"TRA:CAGFIAGGTSYGKLTF;TRB:CASSYSMASGDLYNEQFF",1,0.000235682300259251,"CAGFIAGGTSYGKLTF","CASSYSMASGDLYNEQFF"
"TRA:CAGFMTTDSWGKLQF;TRB:CASSLEPSGRAHSEQYF",1,0.000235682300259251,"CAGFMTTDSWGKLQF","CASSLEPSGRAHSEQYF"
"TRA:CAGGASGGYNKLIF;TRB:CASSRQGDQETQYF",1,0.000235682300259251,"CAGGASGGYNKLIF","CASSRQGDQETQYF"
"TRA:CAGGDGGSQGNLIF;TRB:CASSMRSTDTQYF",1,0.000235682300259251,"CAGGDGGSQGNLIF","CASSMRSTDTQYF"
"TRA:CAGGHGGSQGNLIF;TRB:CASSLTSGSGYNEQFF",1,0.000235682300259251,"CAGGHGGSQGNLIF","CASSLTSGSGYNEQFF"
"TRA:CAGGHGGSQGNLIF;TRB:CASSSAYYGYTF",1,0.000235682300259251,"CAGGHGGSQGNLIF","CASSSAYYGYTF"
"TRA:CAGGSGEGKLIF;TRB:CASSTRSDGELFF",1,0.000235682300259251,"CAGGSGEGKLIF","CASSTRSDGELFF"
"TRA:CAGGYGGSQGNLIF;TRB:CASSSRSGSEQFF",1,0.000235682300259251,"CAGGYGGSQGNLIF","CASSSRSGSEQFF"
"TRA:CAGIGGATNKLIF;TRB:CASSYGLAGASITDTQYF",1,0.000235682300259251,"CAGIGGATNKLIF","CASSYGLAGASITDTQYF"
"TRA:CAGIMDSNYQLIW;TRB:CASSVGGGISYEQYF",1,0.000235682300259251,"CAGIMDSNYQLIW","CASSVGGGISYEQYF"
"TRA:CAGIYGGSQGNLIF;TRB:CASSMRSTDTQYF",1,0.000235682300259251,"CAGIYGGSQGNLIF","CASSMRSTDTQYF"
"TRA:CAGIYGGSQGNLIF;TRB:CASSSRSLDTQYF",1,0.000235682300259251,"CAGIYGGSQGNLIF","CASSSRSLDTQYF"
"TRA:CAGNNGGSQGNLIF;TRB:CASSIRSTGELFF",1,0.000235682300259251,"CAGNNGGSQGNLIF","CASSIRSTGELFF"
"TRA:CAGNNGGSQGNLIF;TRB:CASSTRSDGELFF",1,0.000235682300259251,"CAGNNGGSQGNLIF","CASSTRSDGELFF"
"TRA:CAGPEGGGSQGNLIF;TRB:CASSTRSDGELFF",1,0.000235682300259251,"CAGPEGGGSQGNLIF","CASSTRSDGELFF"
"TRA:CAGPGETSYDKVIF;TRB:CASSSAYYGYTF",1,0.000235682300259251,"CAGPGETSYDKVIF","CASSSAYYGYTF"
"TRA:CAGPGGFGNEKLTF;TRB:CSVADYPYEQYF",1,0.000235682300259251,"CAGPGGFGNEKLTF","CSVADYPYEQYF"
"TRA:CAGPGGGSQGNLIF;TRB:CSIAGGIDGGNQPQHF",1,0.000235682300259251,"CAGPGGGSQGNLIF","CSIAGGIDGGNQPQHF"
"TRA:CAGPGSQGNLIF;TRB:CASSIRSSYEQYF",1,0.000235682300259251,"CAGPGSQGNLIF","CASSIRSSYEQYF"
"TRA:CAGPLKGMNRDDKIIF;TRB:CASSTRSDGELFF",1,0.000235682300259251,"CAGPLKGMNRDDKIIF","CASSTRSDGELFF"
"TRA:CAGPLSGGSQGNLIF;TRB:CACSTRSDGELFF",1,0.000235682300259251,"CAGPLSGGSQGNLIF","CACSTRSDGELFF"
"TRA:CAGPLSGGSQGNLIF;TRB:CASSIRSTDTQYF",1,0.000235682300259251,"CAGPLSGGSQGNLIF","CASSIRSTDTQYF"
"TRA:CAGPQREETRGSQGNLIF;TRB:CASSTISLDTQYF",1,0.000235682300259251,"CAGPQREETRGSQGNLIF","CASSTISLDTQYF"
"TRA:CAGPTTPSEYGNKLVF;TRB:CASSIYGLAGAEQYF",1,0.000235682300259251,"CAGPTTPSEYGNKLVF","CASSIYGLAGAEQYF"
"TRA:CAGPVDGGSQGNLIF;TRB:CASSTRSDGELFF",1,0.000235682300259251,"CAGPVDGGSQGNLIF","CASSTRSDGELFF"
"TRA:CAGPVDGGSQGNLIF;TRB:CASSTRSSYEQYF",1,0.000235682300259251,"CAGPVDGGSQGNLIF","CASSTRSSYEQYF"
"TRA:CAGPYTNAGKSTF;TRB:CASSIRSSYEQYF",1,0.000235682300259251,"CAGPYTNAGKSTF","CASSIRSSYEQYF"
"TRA:CAGQEVVDTNAGKSTF;TRB:CASSIYGGGYNEQFF",1,0.000235682300259251,"CAGQEVVDTNAGKSTF","CASSIYGGGYNEQFF"
"TRA:CAGQGSQGNLIF;TRB:CASSMRASETQYF",1,0.000235682300259251,"CAGQGSQGNLIF","CASSMRASETQYF"
"TRA:CAGQGSQGNLIF;TRB:CASSWGGGTDTQYF",1,0.000235682300259251,"CAGQGSQGNLIF","CASSWGGGTDTQYF"
"TRA:CAGQHSGGSQGNLIF;TRB:CSATNSGREYEQYF",1,0.000235682300259251,"CAGQHSGGSQGNLIF","CSATNSGREYEQYF"
"TRA:CAGQKVTQGGSEKLVF;TRB:CASSLWGEQYF",1,0.000235682300259251,"CAGQKVTQGGSEKLVF","CASSLWGEQYF"
"TRA:CAGQLGGGSQGNLIF;TRB:CASSIRGSETQYF",1,0.000235682300259251,"CAGQLGGGSQGNLIF","CASSIRGSETQYF"
"TRA:CAGQYGGSQGNLIF;TRB:CASSTRSTDTQYF",1,0.000235682300259251,"CAGQYGGSQGNLIF","CASSTRSTDTQYF"
"TRA:CAGRETSGSRLTF;TRB:CASSVGRNSPLHF",1,0.000235682300259251,"CAGRETSGSRLTF","CASSVGRNSPLHF"
"TRA:CAGRRGSQGNLIF;TRB:CASSIIPGTKYNEQFF",1,0.000235682300259251,"CAGRRGSQGNLIF","CASSIIPGTKYNEQFF"
"TRA:CAGSDGGSQGNLIF;TRB:CASSIRASDKQFF",1,0.000235682300259251,"CAGSDGGSQGNLIF","CASSIRASDKQFF"
"TRA:CAGSGGGSQGNLIF;TRB:CASSRRSSDTQYF",1,0.000235682300259251,"CAGSGGGSQGNLIF","CASSRRSSDTQYF"
"TRA:CAGSHGGSQGNLIF;TRB:CAISELWAGTNYEQYF",1,0.000235682300259251,"CAGSHGGSQGNLIF","CAISELWAGTNYEQYF"
"TRA:CAGSHGGSQGNLIF;TRB:CASQTTGVEGYTF",1,0.000235682300259251,"CAGSHGGSQGNLIF","CASQTTGVEGYTF"
"TRA:CAGSHGGSQGNLIF;TRB:CASSFRSTGELFF",1,0.000235682300259251,"CAGSHGGSQGNLIF","CASSFRSTGELFF"
"TRA:CAGSHGGSQGNLIF;TRB:CASSGRSPDTQYF",1,0.000235682300259251,"CAGSHGGSQGNLIF","CASSGRSPDTQYF"
"TRA:CAGSHGGSQGNLIF;TRB:CASSHPTGASYEQYF",1,0.000235682300259251,"CAGSHGGSQGNLIF","CASSHPTGASYEQYF"
"TRA:CAGSHGGSQGNLIF;TRB:CASSIRSADTQYF",1,0.000235682300259251,"CAGSHGGSQGNLIF","CASSIRSADTQYF"
"TRA:CAGSHGGSQGNLIF;TRB:CASSIRSTDTQYF",1,0.000235682300259251,"CAGSHGGSQGNLIF","CASSIRSTDTQYF"
"TRA:CAGSHGGSQGNLIF;TRB:CASSIRSTGELFF",1,0.000235682300259251,"CAGSHGGSQGNLIF","CASSIRSTGELFF"
"TRA:CAGSHGGSQGNLIF;TRB:CASSIRTTGELFF",1,0.000235682300259251,"CAGSHGGSQGNLIF","CASSIRTTGELFF"
"TRA:CAGSHGGSQGNLIF;TRB:CASSMRSSTEAFF",1,0.000235682300259251,"CAGSHGGSQGNLIF","CASSMRSSTEAFF"
"TRA:CAGSHGGSQGNLIF;TRB:CASSPRSTDTQYF",1,0.000235682300259251,"CAGSHGGSQGNLIF","CASSPRSTDTQYF"
"TRA:CAGSHGGSQGNLIF;TRB:CASSQGTSGSGEQYF",1,0.000235682300259251,"CAGSHGGSQGNLIF","CASSQGTSGSGEQYF"
"TRA:CAGSHGGSQGNLIF;TRB:CASSTRGTGELFF",1,0.000235682300259251,"CAGSHGGSQGNLIF","CASSTRGTGELFF"
"TRA:CAGSHGGSQGNLIF;TRB:CASSTRSYGELFF",1,0.000235682300259251,"CAGSHGGSQGNLIF","CASSTRSYGELFF"
"TRA:CAGSNGGSQGNLIF;TRB:CASSILATDTQYF",1,0.000235682300259251,"CAGSNGGSQGNLIF","CASSILATDTQYF"
"TRA:CAGSNGGSQGNLIF;TRB:CASSTRSDGELFF",1,0.000235682300259251,"CAGSNGGSQGNLIF","CASSTRSDGELFF"
"TRA:CAGSYGGSQGNLIF;TRB:CASSIRSTGELFF",1,0.000235682300259251,"CAGSYGGSQGNLIF","CASSIRSTGELFF"
"TRA:CAGSYGGSQGNLIF;TRB:CASSQRASYEQYF",1,0.000235682300259251,"CAGSYGGSQGNLIF","CASSQRASYEQYF"
"TRA:CAGSYGGSQGNLIF;TRB:CASSVRSTDTQYF",1,0.000235682300259251,"CAGSYGGSQGNLIF","CASSVRSTDTQYF"
"TRA:CAGTDGGSQGNLIF;TRB:CASSLYNGYEQYF",1,0.000235682300259251,"CAGTDGGSQGNLIF","CASSLYNGYEQYF"
"TRA:CAGTDGGSQGNLIF;TRB:CASSTRSTDTQYF",1,0.000235682300259251,"CAGTDGGSQGNLIF","CASSTRSTDTQYF"
"TRA:CAGTFGGSQGNLIF;TRB:CASSIRSSYEQYF",1,0.000235682300259251,"CAGTFGGSQGNLIF","CASSIRSSYEQYF"
"TRA:CAGTGGGSHGNLIF;TRB:CASSSRATGELFF",1,0.000235682300259251,"CAGTGGGSHGNLIF","CASSSRATGELFF"
"TRA:CAGTGGGSQGNLIF;TRB:CASSDFYRDSEQFF",1,0.000235682300259251,"CAGTGGGSQGNLIF","CASSDFYRDSEQFF"
"TRA:CAGTGGGSQGNLIF;TRB:CASSGRSSYNEQVF",1,0.000235682300259251,"CAGTGGGSQGNLIF","CASSGRSSYNEQVF"
"TRA:CAGTGGGSQGNLIF;TRB:CASSMGLAGQETQYF",1,0.000235682300259251,"CAGTGGGSQGNLIF","CASSMGLAGQETQYF"
"TRA:CAGTGGGSQGNLIF;TRB:CASSPGTTYGYTF",1,0.000235682300259251,"CAGTGGGSQGNLIF","CASSPGTTYGYTF"
"TRA:CAGTGGGSQGNLIF;TRB:CASSSRANGELFF",1,0.000235682300259251,"CAGTGGGSQGNLIF","CASSSRANGELFF"
"TRA:CAGTGGGSQGNLIF;TRB:CASSTRSDGELFF",1,0.000235682300259251,"CAGTGGGSQGNLIF","CASSTRSDGELFF"
"TRA:CAGTGGGSQGNLIF;TRB:CSVALAGVPNEQFF",1,0.000235682300259251,"CAGTGGGSQGNLIF","CSVALAGVPNEQFF"
"TRA:CAGTGTASKLTF;TRB:CSASTGNSNQPQHF",1,0.000235682300259251,"CAGTGTASKLTF","CSASTGNSNQPQHF"
"TRA:CAGTGTGGSQGNLIF;TRB:CASSRRASYEQYF",1,0.000235682300259251,"CAGTGTGGSQGNLIF","CASSRRASYEQYF"
"TRA:CAGTSPRAAGNKLTF;TRB:CASSPPDSTYEQYF",1,0.000235682300259251,"CAGTSPRAAGNKLTF","CASSPPDSTYEQYF"
"TRA:CAGTYGGSQGNLIF;TRB:CASSIRSTGELFF",1,0.000235682300259251,"CAGTYGGSQGNLIF","CASSIRSTGELFF"
"TRA:CAGVDEWGTSGSRLTF;TRB:CASSLEGENSPLHF",1,0.000235682300259251,"CAGVDEWGTSGSRLTF","CASSLEGENSPLHF"
"TRA:CAGVGAGGTSYGKLTF;TRB:CATSLRGLTEAFF",1,0.000235682300259251,"CAGVGAGGTSYGKLTF","CATSLRGLTEAFF"
"TRA:CAGVGGGSQENLIF;TRB:CASSMRSSDTQYF",1,0.000235682300259251,"CAGVGGGSQENLIF","CASSMRSSDTQYF"
"TRA:CAGVGGGSQGNLIF;TRB:CASSHQTAGGDGYTF",1,0.000235682300259251,"CAGVGGGSQGNLIF","CASSHQTAGGDGYTF"
"TRA:CAGVGGGSQGNLIF;TRB:CASSPRAGNEQLF",1,0.000235682300259251,"CAGVGGGSQGNLIF","CASSPRAGNEQLF"
"TRA:CAGVGGGSQGNLIF;TRB:CASSSRATGELCF",1,0.000235682300259251,"CAGVGGGSQGNLIF","CASSSRATGELCF"
"TRA:CAGVGGNQFYF;TRB:CASRMGNTGELFF",1,0.000235682300259251,"CAGVGGNQFYF","CASRMGNTGELFF"
"TRA:CAGVHGGSQGNLIF;TRB:CASSIFSGSLEEQYF",1,0.000235682300259251,"CAGVHGGSQGNLIF","CASSIFSGSLEEQYF"
"TRA:CAGVHGGSQGNLIF;TRB:CASSIRSSDTQYL",1,0.000235682300259251,"CAGVHGGSQGNLIF","CASSIRSSDTQYL"
"TRA:CAGVLYGGSQGNLIF;TRB:CASSGRSSYNEQFF",1,0.000235682300259251,"CAGVLYGGSQGNLIF","CASSGRSSYNEQFF"
"TRA:CAGVLYGGSQGNLIF;TRB:CASSIRSSYEQYF",1,0.000235682300259251,"CAGVLYGGSQGNLIF","CASSIRSSYEQYF"
"TRA:CAGVYGGSQGNLIF;TRB:CASSIRSSYEQYF",1,0.000235682300259251,"CAGVYGGSQGNLIF","CASSIRSSYEQYF"
"TRA:CAGWTSGAGSYQLAF;TRB:CASSAGTGGNSPLHF",1,0.000235682300259251,"CAGWTSGAGSYQLAF","CASSAGTGGNSPLHF"
"TRA:CAGYGSNYKLTF;TRB:CSASLAGGNEQFF",1,0.000235682300259251,"CAGYGSNYKLTF","CSASLAGGNEQFF"
"TRA:CAHMEYGNKLVF;TRB:CSANLGSVGYTF",1,0.000235682300259251,"CAHMEYGNKLVF","CSANLGSVGYTF"
"TRA:CAHWGGLTGGGNKLTF;TRB:CSARGTGSSWEQYF",1,0.000235682300259251,"CAHWGGLTGGGNKLTF","CSARGTGSSWEQYF"
"TRA:CAIGGHGGSQGNLIF;TRB:CASSMRSSTEAFF",1,0.000235682300259251,"CAIGGHGGSQGNLIF","CASSMRSSTEAFF"
"TRA:CAIKDSNYQLIW;TRB:CASSDSLTTHTDTQYF",1,0.000235682300259251,"CAIKDSNYQLIW","CASSDSLTTHTDTQYF"
"TRA:CAILGGSYIPTF;TRB:CASSQEGRGREVGETQYF",1,0.000235682300259251,"CAILGGSYIPTF","CASSQEGRGREVGETQYF"
"TRA:CAIRRLTGGFKTIF;TRB:CASSLLAGGYQETQYF",1,0.000235682300259251,"CAIRRLTGGFKTIF","CASSLLAGGYQETQYF"
"TRA:CAKGGNNRLAF;TRB:CASSTRSDGELFF",1,0.000235682300259251,"CAKGGNNRLAF","CASSTRSDGELFF"
"TRA:CAKKAGNQFYF;TRB:CASSVIGGRYEQYF",1,0.000235682300259251,"CAKKAGNQFYF","CASSVIGGRYEQYF"
"TRA:CALAKYGNKLVF;TRB:CSARGTSGSFVGELFF",1,0.000235682300259251,"CALAKYGNKLVF","CSARGTSGSFVGELFF"
"TRA:CALDMGGGSQGNLIF;TRB:CASSIRSSYEQYF",1,0.000235682300259251,"CALDMGGGSQGNLIF","CASSIRSSYEQYF"
"TRA:CALDMGGGSQGNLIF;TRB:CASSMRSGSAQYF",1,0.000235682300259251,"CALDMGGGSQGNLIF","CASSMRSGSAQYF"
"TRA:CALDNQGGKLIF;TRB:CASSIRSSYEQYF",1,0.000235682300259251,"CALDNQGGKLIF","CASSIRSSYEQYF"
"TRA:CALDTASGNTGKLIF;TRB:CASSIYSNQPQHF",1,0.000235682300259251,"CALDTASGNTGKLIF","CASSIYSNQPQHF"
"TRA:CALEEDSSYKLIF;TRB:CASSGGQGAGNYGYTF",1,0.000235682300259251,"CALEEDSSYKLIF","CASSGGQGAGNYGYTF"
"TRA:CALESGGGADGLTF;TRB:CSATGAGNIQYF",1,0.000235682300259251,"CALESGGGADGLTF","CSATGAGNIQYF"
"TRA:CALGEDSNYQLIW;TRB:CATEDGTSGDNEQFF",1,0.000235682300259251,"CALGEDSNYQLIW","CATEDGTSGDNEQFF"
"TRA:CALGGDGGSQGNLIF;TRB:CASSPRAGNEQFF",1,0.000235682300259251,"CALGGDGGSQGNLIF","CASSPRAGNEQFF"
"TRA:CALGGSTTSGTYKYIF;TRB:CASGLDRAAGNTIYF",1,0.000235682300259251,"CALGGSTTSGTYKYIF","CASGLDRAAGNTIYF"
"TRA:CALGTSNRDDKIIF;TRB:CASSLNSGTYNEQFF",1,0.000235682300259251,"CALGTSNRDDKIIF","CASSLNSGTYNEQFF"
"TRA:CALIGEESLDSNYQLIW;TRB:CASSSFTGSNQPQHF",1,0.000235682300259251,"CALIGEESLDSNYQLIW","CASSSFTGSNQPQHF"
"TRA:CALIISNFGNEKLTF;TRB:CASSLAGSAKNIQYF",1,0.000235682300259251,"CALIISNFGNEKLTF","CASSLAGSAKNIQYF"
"TRA:CALIPDSSYKLIF;TRB:CASSVGWRGRDTQYF",1,0.000235682300259251,"CALIPDSSYKLIF","CASSVGWRGRDTQYF"
"TRA:CALIPETGANSKLTF;TRB:CASSLPTETQETQYF",1,0.000235682300259251,"CALIPETGANSKLTF","CASSLPTETQETQYF"
"TRA:CALKDDYKLSF;TRB:CASSILATDTQYF",1,0.000235682300259251,"CALKDDYKLSF","CASSILATDTQYF"
"TRA:CALKRGKLIF;TRB:CASSIRSSYEQYF",1,0.000235682300259251,"CALKRGKLIF","CASSIRSSYEQYF"
"TRA:CALLGGGYNKLIF;TRB:CASSLGQGSEKLFF",1,0.000235682300259251,"CALLGGGYNKLIF","CASSLGQGSEKLFF"
"TRA:CALLNFGNEKLTF;TRB:CASNIAGGYEQYF",1,0.000235682300259251,"CALLNFGNEKLTF","CASNIAGGYEQYF"
"TRA:CALMGDAGGTSYGKLTF;TRB:CASSQGYYGYTF",1,0.000235682300259251,"CALMGDAGGTSYGKLTF","CASSQGYYGYTF"
"TRA:CALMSSNTDKLIF;TRB:CASSPPWGAGEYEQFF",1,0.000235682300259251,"CALMSSNTDKLIF","CASSPPWGAGEYEQFF"
"TRA:CALPCHPVGSTQGGSEKLVF;TRB:CASSIRSTDTQYF",1,0.000235682300259251,"CALPCHPVGSTQGGSEKLVF","CASSIRSTDTQYF"
"TRA:CALPFCGTASKLTF;TRB:CASSIRSTGELFF",1,0.000235682300259251,"CALPFCGTASKLTF","CASSIRSTGELFF"
"TRA:CALPFCGTASKLTF;TRB:CASSLVWDDQETQYF",1,0.000235682300259251,"CALPFCGTASKLTF","CASSLVWDDQETQYF"
"TRA:CALPFCGTASKLTF;TRB:CASSSRSTGELFF",1,0.000235682300259251,"CALPFCGTASKLTF","CASSSRSTGELFF"
"TRA:CALPFCGTASKLTF;TRB:CASSTRADGELFF",1,0.000235682300259251,"CALPFCGTASKLTF","CASSTRADGELFF"
"TRA:CALPFCGTASKLTF;TRB:CASSVQDLAGGPDYNEQFF",1,0.000235682300259251,"CALPFCGTASKLTF","CASSVQDLAGGPDYNEQFF"
"TRA:CALPFCGTASKVTF;TRB:CASSTRSDGELFF",1,0.000235682300259251,"CALPFCGTASKVTF","CASSTRSDGELFF"
"TRA:CALRDGNKLVF;TRB:CSARDGRVTQYF",1,0.000235682300259251,"CALRDGNKLVF","CSARDGRVTQYF"
"TRA:CALRDNDMRF;TRB:CASSTRSGHKQYF",1,0.000235682300259251,"CALRDNDMRF","CASSTRSGHKQYF"
"TRA:CALRDNDMRF;TRB:CASSVRSTDTQYF",1,0.000235682300259251,"CALRDNDMRF","CASSVRSTDTQYF"
"TRA:CALRGAQKLVF;TRB:CASSLGGNNSPLHF",1,0.000235682300259251,"CALRGAQKLVF","CASSLGGNNSPLHF"
"TRA:CALRPKNQGGSEKLVF;TRB:CASSGRSSYNEQFF",1,0.000235682300259251,"CALRPKNQGGSEKLVF","CASSGRSSYNEQFF"
"TRA:CALRTAGNMLTF;TRB:CSARVEGSNYGYTF",1,0.000235682300259251,"CALRTAGNMLTF","CSARVEGSNYGYTF"
"TRA:CALSAWWGGGGSQGNLIF;TRB:CASSQKRTRPDEQYF",1,0.000235682300259251,"CALSAWWGGGGSQGNLIF","CASSQKRTRPDEQYF"
"TRA:CALSDDTGTASKLTF;TRB:CASSIYAGGMNEQFF",1,0.000235682300259251,"CALSDDTGTASKLTF","CASSIYAGGMNEQFF"
"TRA:CALSDPWREGGKLIF;TRB:CSSRVSSTYEQYF",1,0.000235682300259251,"CALSDPWREGGKLIF","CSSRVSSTYEQYF"
"TRA:CALSDQSYNTDKLIF;TRB:CASSLGTSGSGSNEQFF",1,0.000235682300259251,"CALSDQSYNTDKLIF","CASSLGTSGSGSNEQFF"
"TRA:CALSDSARLMF;TRB:CASSLKGLARYNEQFF",1,0.000235682300259251,"CALSDSARLMF","CASSLKGLARYNEQFF"
"TRA:CALSDYGGYNKLIF;TRB:CSARGGLADEQYF",1,0.000235682300259251,"CALSDYGGYNKLIF","CSARGGLADEQYF"
"TRA:CALSEAERSTDSWGKLQF;TRB:CASKGTGGYNSPLHF",1,0.000235682300259251,"CALSEAERSTDSWGKLQF","CASKGTGGYNSPLHF"
"TRA:CALSEAITRGTSYGKLTF;TRB:CASSGTSGPAGTQYF",1,0.000235682300259251,"CALSEAITRGTSYGKLTF","CASSGTSGPAGTQYF"
"TRA:CALSEAPGREYGNKLVF;TRB:CASSPLAGGYNEQFF",1,0.000235682300259251,"CALSEAPGREYGNKLVF","CASSPLAGGYNEQFF"
"TRA:CALSEARDSGGYQKVTF;TRB:CASSIRSSYEQYF",1,0.000235682300259251,"CALSEARDSGGYQKVTF","CASSIRSSYEQYF"
"TRA:CALSEAREWSETSGSRLTF;TRB:CASSEVIRLAGIMYEQYF",1,0.000235682300259251,"CALSEAREWSETSGSRLTF","CASSEVIRLAGIMYEQYF"
"TRA:CALSEATYSGGGADGLTF;TRB:CASSREAGGLPLDTQYF",1,0.000235682300259251,"CALSEATYSGGGADGLTF","CASSREAGGLPLDTQYF"
"TRA:CALSEGLGAGGFKTIF;TRB:CASSAPGPYNEQFF",1,0.000235682300259251,"CALSEGLGAGGFKTIF","CASSAPGPYNEQFF"
"TRA:CALSEGNSKLTF;TRB:CSAYGGLAGGPSTDTQYF",1,0.000235682300259251,"CALSEGNSKLTF","CSAYGGLAGGPSTDTQYF"
"TRA:CALSETTDSWGKLQF;TRB:CASSSVPTDTQYF",1,0.000235682300259251,"CALSETTDSWGKLQF","CASSSVPTDTQYF"
"TRA:CALSGATQGGSEKLVF;TRB:CASKKTGTLYEKLFF",1,0.000235682300259251,"CALSGATQGGSEKLVF","CASKKTGTLYEKLFF"
"TRA:CALSGQNSGGGADGLTF;TRB:CSVGGVGGANYGYTF",1,0.000235682300259251,"CALSGQNSGGGADGLTF","CSVGGVGGANYGYTF"
"TRA:CALSGRFSDGQKLLF;TRB:CASSTRSDGELFF",1,0.000235682300259251,"CALSGRFSDGQKLLF","CASSTRSDGELFF"
"TRA:CALSGRNNDMRF;TRB:CASSIRSSYEQYF",1,0.000235682300259251,"CALSGRNNDMRF","CASSIRSSYEQYF"
"TRA:CALSGSGGYQKVTF;TRB:CASSSHGGGNTEAFF",1,0.000235682300259251,"CALSGSGGYQKVTF","CASSSHGGGNTEAFF"
"TRA:CALSGSNNARLMF;TRB:CAISEPRVTEAFF",1,0.000235682300259251,"CALSGSNNARLMF","CAISEPRVTEAFF"
"TRA:CALSGTRGGATNKLIF;TRB:CSAPEGPNYGYTF",1,0.000235682300259251,"CALSGTRGGATNKLIF","CSAPEGPNYGYTF"
"TRA:CALSGYGQNFVF;TRB:CASSYEGHSGSYEQYF",1,0.000235682300259251,"CALSGYGQNFVF","CASSYEGHSGSYEQYF"
"TRA:CALSKGNRDDKIIF;TRB:CASSTRSDGELFF",1,0.000235682300259251,"CALSKGNRDDKIIF","CASSTRSDGELFF"
"TRA:CALSKIGAQKLVF;TRB:CASSLFGTSGHTDTQYF",1,0.000235682300259251,"CALSKIGAQKLVF","CASSLFGTSGHTDTQYF"
"TRA:CALSRRGAQKLVF;TRB:CASSPRAGNEQFF",1,0.000235682300259251,"CALSRRGAQKLVF","CASSPRAGNEQFF"
"TRA:CALSSEAGSYQLTF;TRB:CASSLEGSGEYNEQFF",1,0.000235682300259251,"CALSSEAGSYQLTF","CASSLEGSGEYNEQFF"
"TRA:CALSSLGGTSYGKLTF;TRB:CASSSDRVVNIQYF",1,0.000235682300259251,"CALSSLGGTSYGKLTF","CASSSDRVVNIQYF"
"TRA:CALSSLRSGGGADGLTF;TRB:CASSIGRGNTEAFF",1,0.000235682300259251,"CALSSLRSGGGADGLTF","CASSIGRGNTEAFF"
"TRA:CALTDNAGNMLTF;TRB:CASSPRGDKKGLFF",1,0.000235682300259251,"CALTDNAGNMLTF","CASSPRGDKKGLFF"
"TRA:CALTDSSYKLIF;TRB:CASSVGSTSNEKLFF",1,0.000235682300259251,"CALTDSSYKLIF","CASSVGSTSNEKLFF"
"TRA:CALTNQAGTALIF;TRB:CASSPLPGGFNYGYTF",1,0.000235682300259251,"CALTNQAGTALIF","CASSPLPGGFNYGYTF"
"TRA:CALVLTNAGKSTF;TRB:CSASEPTRNEQFF",1,0.000235682300259251,"CALVLTNAGKSTF","CSASEPTRNEQFF"
"TRA:CALVNQGGKLIF;TRB:CASSIAGTAIEAFF",1,0.000235682300259251,"CALVNQGGKLIF","CASSIAGTAIEAFF"
"TRA:CAMGDYKLSF;TRB:CASSNAQGRGVYEQYF",1,0.000235682300259251,"CAMGDYKLSF","CASSNAQGRGVYEQYF"
"TRA:CAMKQDSNYQLIW;TRB:CASSIRSAYEQYF",1,0.000235682300259251,"CAMKQDSNYQLIW","CASSIRSAYEQYF"
"TRA:CAMNYGGSQGNLIF;TRB:CASSGRSSYNEQFF",1,0.000235682300259251,"CAMNYGGSQGNLIF","CASSGRSSYNEQFF"
"TRA:CAMNYGGSQGNLIF;TRB:CASSIRSTGELFF",1,0.000235682300259251,"CAMNYGGSQGNLIF","CASSIRSTGELFF"
"TRA:CAMNYGGSQGNLIF;TRB:CAWSVGSGYEQYF",1,0.000235682300259251,"CAMNYGGSQGNLIF","CAWSVGSGYEQYF"
"TRA:CAMREDPGGTSYGKLTF;TRB:CASSIRSTGELFF",1,0.000235682300259251,"CAMREDPGGTSYGKLTF","CASSIRSTGELFF"
"TRA:CAMREDPGGTSYGKLTF;TRB:CASSTRSDGELFF",1,0.000235682300259251,"CAMREDPGGTSYGKLTF","CASSTRSDGELFF"
"TRA:CAMREEVLTGGGNKLTF;TRB:CASSLAVNSGANVLTF",1,0.000235682300259251,"CAMREEVLTGGGNKLTF","CASSLAVNSGANVLTF"
"TRA:CAMREGGDSSYKLIF;TRB:CASSDGTNTEAFF",1,0.000235682300259251,"CAMREGGDSSYKLIF","CASSDGTNTEAFF"
"TRA:CAMREGGFGNVLHC;TRB:CASSLFGGREETQYF",1,0.000235682300259251,"CAMREGGFGNVLHC","CASSLFGGREETQYF"
"TRA:CAMREGGGTDKLIF;TRB:CSARDLSPQAGQPQHF",1,0.000235682300259251,"CAMREGGGTDKLIF","CSARDLSPQAGQPQHF"
"TRA:CAMREGISGTYKYIF;TRB:CASGLMGATPVEQYF",1,0.000235682300259251,"CAMREGISGTYKYIF","CASGLMGATPVEQYF"
"TRA:CAMREGLDTGGFKTIF;TRB:CASSLSGRAAYEQYF",1,0.000235682300259251,"CAMREGLDTGGFKTIF","CASSLSGRAAYEQYF"
"TRA:CAMREGLEGYQKVTF;TRB:CSAILLTGTGNEQFF",1,0.000235682300259251,"CAMREGLEGYQKVTF","CSAILLTGTGNEQFF"
"TRA:CAMREGLGSNDYKLSF;TRB:CASSGTSGYEQYF",1,0.000235682300259251,"CAMREGLGSNDYKLSF","CASSGTSGYEQYF"
"TRA:CAMREGLGSSASKIIF;TRB:CASTIREGYNEQFF",1,0.000235682300259251,"CAMREGLGSSASKIIF","CASTIREGYNEQFF"
"TRA:CAMREGMEYGNKLVF;TRB:CASSIYSGPNQPQHF",1,0.000235682300259251,"CAMREGMEYGNKLVF","CASSIYSGPNQPQHF"
"TRA:CAMREGRNTNAGKSTF;TRB:CASSLVMGGGQETQYF",1,0.000235682300259251,"CAMREGRNTNAGKSTF","CASSLVMGGGQETQYF"
"TRA:CAMREGRRSGGSNYKLTF;TRB:CASSYLTDSYEQYF",1,0.000235682300259251,"CAMREGRRSGGSNYKLTF","CASSYLTDSYEQYF"
"TRA:CAMREGSARQLTF;TRB:CASSSTSSRVYEQFF",1,0.000235682300259251,"CAMREGSARQLTF","CASSSTSSRVYEQFF"
"TRA:CAMREGSRNDMRF;TRB:CASSWQGNTEAFF",1,0.000235682300259251,"CAMREGSRNDMRF","CASSWQGNTEAFF"
"TRA:CAMREGTDKLIF;TRB:CASSVGDITDTQYF",1,0.000235682300259251,"CAMREGTDKLIF","CASSVGDITDTQYF"
"TRA:CAMREGVGTSYGKLTF;TRB:CASSGRAGNEQFF",1,0.000235682300259251,"CAMREGVGTSYGKLTF","CASSGRAGNEQFF"
"TRA:CAMREGVGTSYGKLTF;TRB:CASSIRSTDTQYF",1,0.000235682300259251,"CAMREGVGTSYGKLTF","CASSIRSTDTQYF"
"TRA:CAMREGWGSGNTGKLIF;TRB:CASSSPLVGDRDAGNTIYF",1,0.000235682300259251,"CAMREGWGSGNTGKLIF","CASSSPLVGDRDAGNTIYF"
"TRA:CAMRERNNRLAF;TRB:CASSLIRDTTYGYTF",1,0.000235682300259251,"CAMRERNNRLAF","CASSLIRDTTYGYTF"
"TRA:CAMREVNQAGTALIF;TRB:CSATRYSGIGYEQYF",1,0.000235682300259251,"CAMREVNQAGTALIF","CSATRYSGIGYEQYF"
"TRA:CAMRFPGSGNTGKLIF;TRB:CASSVSGRATDTQYF",1,0.000235682300259251,"CAMRFPGSGNTGKLIF","CASSVSGRATDTQYF"
"TRA:CAMRGFNDMRF;TRB:CASSQVPGTLETQYF",1,0.000235682300259251,"CAMRGFNDMRF","CASSQVPGTLETQYF"
"TRA:CAMRGQYNFNKFYF;TRB:CASSLKGDTGELFF",1,0.000235682300259251,"CAMRGQYNFNKFYF","CASSLKGDTGELFF"
"TRA:CAMRGRGTYKYIF;TRB:CASASTSREKLFF",1,0.000235682300259251,"CAMRGRGTYKYIF","CASASTSREKLFF"
"TRA:CAMRGSQGNLIF;TRB:CASSFRGERQPLHF",1,0.000235682300259251,"CAMRGSQGNLIF","CASSFRGERQPLHF"
"TRA:CAMRPHNGDSWGKLQF;TRB:CASSYGTGAYEQYF",1,0.000235682300259251,"CAMRPHNGDSWGKLQF","CASSYGTGAYEQYF"
"TRA:CAMRPLTGANSKLTF;TRB:CAISDTGGLSSPLHF",1,0.000235682300259251,"CAMRPLTGANSKLTF","CAISDTGGLSSPLHF"
"TRA:CAMRSSWEGRSGGYNKLIF;TRB:CASSVGDRRTDTQYF",1,0.000235682300259251,"CAMRSSWEGRSGGYNKLIF","CASSVGDRRTDTQYF"
"TRA:CAMRTDDYKLSF;TRB:CTTTENTEAFF",1,0.000235682300259251,"CAMRTDDYKLSF","CTTTENTEAFF"
"TRA:CAMRTGTASKLTF;TRB:CASSSLQGPETQYF",1,0.000235682300259251,"CAMRTGTASKLTF","CASSSLQGPETQYF"
"TRA:CAMRVIYGNNRLAF;TRB:CASAQAGAGELFF",1,0.000235682300259251,"CAMRVIYGNNRLAF","CASAQAGAGELFF"
"TRA:CAMRVSGYSTLTF;TRB:CASSQDLAGGHYNEQFF",1,0.000235682300259251,"CAMRVSGYSTLTF","CASSQDLAGGHYNEQFF"
"TRA:CAMRVYGQNFVF;TRB:CASSPGDRDTGELFF",1,0.000235682300259251,"CAMRVYGQNFVF","CASSPGDRDTGELFF"
"TRA:CAMRVYGQNFVF;TRB:CASSPGQGSRGNTIYF",1,0.000235682300259251,"CAMRVYGQNFVF","CASSPGQGSRGNTIYF"
"TRA:CAMSGDGGSQGNLIF;TRB:CASSIRAGDTQYF",1,0.000235682300259251,"CAMSGDGGSQGNLIF","CASSIRAGDTQYF"
"TRA:CAMSGEGGSQGNLIF;TRB:CASSTRSDGELFF",1,0.000235682300259251,"CAMSGEGGSQGNLIF","CASSTRSDGELFF"
"TRA:CAMSGGGGSQGNLIF;TRB:CASSTRSDGELFF",1,0.000235682300259251,"CAMSGGGGSQGNLIF","CASSTRSDGELFF"
"TRA:CAMSGNKAAGNKLTF;TRB:CASSRGEGPWWRSRSYEQYF",1,0.000235682300259251,"CAMSGNKAAGNKLTF","CASSRGEGPWWRSRSYEQYF"
"TRA:CAMSVNYGGSQGNLIF;TRB:CASNPRGSGLKETQYF",1,0.000235682300259251,"CAMSVNYGGSQGNLIF","CASNPRGSGLKETQYF"
"TRA:CAMVGYQKVTF;TRB:CASSSSGTGRTDTQYF",1,0.000235682300259251,"CAMVGYQKVTF","CASSSSGTGRTDTQYF"
"TRA:CAPMDSNYQLIW;TRB:CSARDLEGGSSDTQYF",1,0.000235682300259251,"CAPMDSNYQLIW","CSARDLEGGSSDTQYF"
"TRA:CAPSGTASKLTF;TRB:CAWSEGPSNIQYF",1,0.000235682300259251,"CAPSGTASKLTF","CAWSEGPSNIQYF"
"TRA:CAPTGNQFYF;TRB:CASRPEGGRSGANVLTF",1,0.000235682300259251,"CAPTGNQFYF","CASRPEGGRSGANVLTF"
"TRA:CAQGGSYIPTF;TRB:CACGQGSTDTQYF",1,0.000235682300259251,"CAQGGSYIPTF","CACGQGSTDTQYF"
"TRA:CARAGGTSYGKLTF;TRB:CASSYSSQGQGSTGQYF",1,0.000235682300259251,"CARAGGTSYGKLTF","CASSYSSQGQGSTGQYF"
"TRA:CARGAGNQFYF;TRB:CASSIISQDEQFF",1,0.000235682300259251,"CARGAGNQFYF","CASSIISQDEQFF"
"TRA:CARSGGGADGLTF;TRB:CSARGTAYNSPLHF",1,0.000235682300259251,"CARSGGGADGLTF","CSARGTAYNSPLHF"
"TRA:CASDTGRRALTF;TRB:CASSSDRISGNTIYF",1,0.000235682300259251,"CASDTGRRALTF","CASSSDRISGNTIYF"
"TRA:CASHFDILTGGGNKLTF;TRB:CAISESRGGGHQPQHF",1,0.000235682300259251,"CASHFDILTGGGNKLTF","CAISESRGGGHQPQHF"
"TRA:CASHFDILTGGGNKLTF;TRB:CARSKTTGINTGELFF",1,0.000235682300259251,"CASHFDILTGGGNKLTF","CARSKTTGINTGELFF"
"TRA:CASHFDILTGGGNKLTF;TRB:CASSDESGANVLTF",1,0.000235682300259251,"CASHFDILTGGGNKLTF","CASSDESGANVLTF"
"TRA:CASHFDILTGGGNKLTF;TRB:CASSGRATGELFF",1,0.000235682300259251,"CASHFDILTGGGNKLTF","CASSGRATGELFF"
"TRA:CASHFDILTGGGNKLTF;TRB:CASSGRSSYNEQCF",1,0.000235682300259251,"CASHFDILTGGGNKLTF","CASSGRSSYNEQCF"
"TRA:CASHFDILTGGGNKLTF;TRB:CASSILATDTQYF",1,0.000235682300259251,"CASHFDILTGGGNKLTF","CASSILATDTQYF"
"TRA:CASHFDILTGGGNKLTF;TRB:CASSIRFYGYTF",1,0.000235682300259251,"CASHFDILTGGGNKLTF","CASSIRFYGYTF"
"TRA:CASHFDILTGGGNKLTF;TRB:CASSIRSNTEAFF",1,0.000235682300259251,"CASHFDILTGGGNKLTF","CASSIRSNTEAFF"
"TRA:CASHFDILTGGGNKLTF;TRB:CASSIRSSYEQYF",1,0.000235682300259251,"CASHFDILTGGGNKLTF","CASSIRSSYEQYF"
"TRA:CASHFDILTGGGNKLTF;TRB:CASSIYLYNEQFF",1,0.000235682300259251,"CASHFDILTGGGNKLTF","CASSIYLYNEQFF"
"TRA:CASHFDILTGGGNKLTF;TRB:CASSKLSTDTQYF",1,0.000235682300259251,"CASHFDILTGGGNKLTF","CASSKLSTDTQYF"
"TRA:CASHFDILTGGGNKLTF;TRB:CASSLAAGALTYEQYF",1,0.000235682300259251,"CASHFDILTGGGNKLTF","CASSLAAGALTYEQYF"
"TRA:CASHFDILTGGGNKLTF;TRB:CASSLARGDTQYF",1,0.000235682300259251,"CASHFDILTGGGNKLTF","CASSLARGDTQYF"
"TRA:CASHFDILTGGGNKLTF;TRB:CASSLDGTSYNEQFF",1,0.000235682300259251,"CASHFDILTGGGNKLTF","CASSLDGTSYNEQFF"
"TRA:CASHFDILTGGGNKLTF;TRB:CASSLERRLAGVVPDTQYF",1,0.000235682300259251,"CASHFDILTGGGNKLTF","CASSLERRLAGVVPDTQYF"
"TRA:CASHFDILTGGGNKLTF;TRB:CASSLSSTDRQYF",1,0.000235682300259251,"CASHFDILTGGGNKLTF","CASSLSSTDRQYF"
"TRA:CASHFDILTGGGNKLTF;TRB:CASSLYDGYEQYF",1,0.000235682300259251,"CASHFDILTGGGNKLTF","CASSLYDGYEQYF"
"TRA:CASHFDILTGGGNKLTF;TRB:CASSLYKGYEQYF",1,0.000235682300259251,"CASHFDILTGGGNKLTF","CASSLYKGYEQYF"
"TRA:CASHFDILTGGGNKLTF;TRB:CASSLYNGYELYY",1,0.000235682300259251,"CASHFDILTGGGNKLTF","CASSLYNGYELYY"
"TRA:CASHFDILTGGGNKLTF;TRB:CASSLYNGYEQSV",1,0.000235682300259251,"CASHFDILTGGGNKLTF","CASSLYNGYEQSV"
"TRA:CASHFDILTGGGNKLTF;TRB:CASSLYNGYEQYL",1,0.000235682300259251,"CASHFDILTGGGNKLTF","CASSLYNGYEQYL"
"TRA:CASHFDILTGGGNKLTF;TRB:CASSLYNGYEQYN",1,0.000235682300259251,"CASHFDILTGGGNKLTF","CASSLYNGYEQYN"
"TRA:CASHFDILTGGGNKLTF;TRB:CASSLYNGYEQYV",1,0.000235682300259251,"CASHFDILTGGGNKLTF","CASSLYNGYEQYV"
"TRA:CASHFDILTGGGNKLTF;TRB:CASSLYSGYEQYG",1,0.000235682300259251,"CASHFDILTGGGNKLTF","CASSLYSGYEQYG"
"TRA:CASHFDILTGGGNKLTF;TRB:CASSMRSNQPQHF",1,0.000235682300259251,"CASHFDILTGGGNKLTF","CASSMRSNQPQHF"
"TRA:CASHFDILTGGGNKLTF;TRB:CASSMRSQETQYF",1,0.000235682300259251,"CASHFDILTGGGNKLTF","CASSMRSQETQYF"
"TRA:CASHFDILTGGGNKLTF;TRB:CASSMRSTDTQYV",1,0.000235682300259251,"CASHFDILTGGGNKLTF","CASSMRSTDTQYV"
"TRA:CASHFDILTGGGNKLTF;TRB:CASSMRSTGELFF",1,0.000235682300259251,"CASHFDILTGGGNKLTF","CASSMRSTGELFF"
"TRA:CASHFDILTGGGNKLTF;TRB:CASSNHIADTQYF",1,0.000235682300259251,"CASHFDILTGGGNKLTF","CASSNHIADTQYF"
"TRA:CASHFDILTGGGNKLTF;TRB:CASSNHPGLAGGLYSYEQYF",1,0.000235682300259251,"CASHFDILTGGGNKLTF","CASSNHPGLAGGLYSYEQYF"
"TRA:CASHFDILTGGGNKLTF;TRB:CASSPGRLSSGANVLTF",1,0.000235682300259251,"CASHFDILTGGGNKLTF","CASSPGRLSSGANVLTF"
"TRA:CASHFDILTGGGNKLTF;TRB:CASSPRAGTEQFF",1,0.000235682300259251,"CASHFDILTGGGNKLTF","CASSPRAGTEQFF"
"TRA:CASHFDILTGGGNKLTF;TRB:CASSPRSTDTQYF",1,0.000235682300259251,"CASHFDILTGGGNKLTF","CASSPRSTDTQYF"
"TRA:CASHFDILTGGGNKLTF;TRB:CASSRDLVQYF",1,0.000235682300259251,"CASHFDILTGGGNKLTF","CASSRDLVQYF"
"TRA:CASHFDILTGGGNKLTF;TRB:CASSRRSGGEQCF",1,0.000235682300259251,"CASHFDILTGGGNKLTF","CASSRRSGGEQCF"
"TRA:CASHFDILTGGGNKLTF;TRB:CASSSQTFFSYNEQFF",1,0.000235682300259251,"CASHFDILTGGGNKLTF","CASSSQTFFSYNEQFF"
"TRA:CASHFDILTGGGNKLTF;TRB:CASSSRATGELFI",1,0.000235682300259251,"CASHFDILTGGGNKLTF","CASSSRATGELFI"
"TRA:CASHFDILTGGGNKLTF;TRB:CASSSRSADTQYF",1,0.000235682300259251,"CASHFDILTGGGNKLTF","CASSSRSADTQYF"
"TRA:CASHFDILTGGGNKLTF;TRB:CASSSRSSGELFF",1,0.000235682300259251,"CASHFDILTGGGNKLTF","CASSSRSSGELFF"
"TRA:CASHFDILTGGGNKLTF;TRB:CASSSRSTDTQYF",1,0.000235682300259251,"CASHFDILTGGGNKLTF","CASSSRSTDTQYF"
"TRA:CASHFDILTGGGNKLTF;TRB:CASSSTGIGELFF",1,0.000235682300259251,"CASHFDILTGGGNKLTF","CASSSTGIGELFF"
"TRA:CASHFDILTGGGNKLTF;TRB:CASSSYIQETQYF",1,0.000235682300259251,"CASHFDILTGGGNKLTF","CASSSYIQETQYF"
"TRA:CASHFDILTGGGNKLTF;TRB:CASSTGADGELFV",1,0.000235682300259251,"CASHFDILTGGGNKLTF","CASSTGADGELFV"
"TRA:CASHFDILTGGGNKLTF;TRB:CASSTRCGHEQYF",1,0.000235682300259251,"CASHFDILTGGGNKLTF","CASSTRCGHEQYF"
"TRA:CASHFDILTGGGNKLTF;TRB:CASSTRSSYEQYF",1,0.000235682300259251,"CASHFDILTGGGNKLTF","CASSTRSSYEQYF"
"TRA:CASHFDILTGGGNKLTF;TRB:CASSTRSTDTQYF",1,0.000235682300259251,"CASHFDILTGGGNKLTF","CASSTRSTDTQYF"
"TRA:CASHFDILTGGGNKLTF;TRB:CASSTRTDGELFF",1,0.000235682300259251,"CASHFDILTGGGNKLTF","CASSTRTDGELFF"
"TRA:CASHFDILTGGGNKLTF;TRB:CASSVRGSYEQYF",1,0.000235682300259251,"CASHFDILTGGGNKLTF","CASSVRGSYEQYF"
"TRA:CASHFDILTGGGNKLTF;TRB:CASSVYNGYEQYF",1,0.000235682300259251,"CASHFDILTGGGNKLTF","CASSVYNGYEQYF"
"TRA:CASHFDILTGGGNKLTF;TRB:CASSYRAAYEQYF",1,0.000235682300259251,"CASHFDILTGGGNKLTF","CASSYRAAYEQYF"
"TRA:CASHFDILTGGGNKLTF;TRB:CASTPELAGNNEQFF",1,0.000235682300259251,"CASHFDILTGGGNKLTF","CASTPELAGNNEQFF"
"TRA:CASHFDILTGGGNKLTF;TRB:CASTPRKDTDTQYF",1,0.000235682300259251,"CASHFDILTGGGNKLTF","CASTPRKDTDTQYF"
"TRA:CASHFDILTGGGNKLTF;TRB:CATKATANNEQFF",1,0.000235682300259251,"CASHFDILTGGGNKLTF","CATKATANNEQFF"
"TRA:CASHFDILTGGGNKLTF;TRB:CGSSLYNGYEQYF",1,0.000235682300259251,"CASHFDILTGGGNKLTF","CGSSLYNGYEQYF"
"TRA:CASHFDILTGGGNKLTF;TRB:CGSSPRAGNEQFF",1,0.000235682300259251,"CASHFDILTGGGNKLTF","CGSSPRAGNEQFF"
"TRA:CASHFDILTGGGNKLTF;TRB:CSAGQTGQRAYGYTF",1,0.000235682300259251,"CASHFDILTGGGNKLTF","CSAGQTGQRAYGYTF"
"TRA:CASHFDILTGGGNKLTF;TRB:CVSSLYNGYEQYF",1,0.000235682300259251,"CASHFDILTGGGNKLTF","CVSSLYNGYEQYF"
"TRA:CASLGNNNDMRF;TRB:CASSIASSSYEQYF",1,0.000235682300259251,"CASLGNNNDMRF","CASSIASSSYEQYF"
"TRA:CASLPYGGATNKLIF;TRB:CASSVRRTGERTYEQYF",1,0.000235682300259251,"CASLPYGGATNKLIF","CASSVRRTGERTYEQYF"
"TRA:CASMDSNYQLIW;TRB:CASSASRGGTDTQYF",1,0.000235682300259251,"CASMDSNYQLIW","CASSASRGGTDTQYF"
"TRA:CASNSGNTPLVF;TRB:CATSRGAPGTGELFF",1,0.000235682300259251,"CASNSGNTPLVF","CATSRGAPGTGELFF"
"TRA:CASNSNTGNQFYF;TRB:CSASPNHYGYTF",1,0.000235682300259251,"CASNSNTGNQFYF","CSASPNHYGYTF"
"TRA:CASPGGGGSQGNLIF;TRB:CASSPRGGYEQYF",1,0.000235682300259251,"CASPGGGGSQGNLIF","CASSPRGGYEQYF"
"TRA:CASRGAFGNEKLTF;TRB:CASREDRFTQPQHF",1,0.000235682300259251,"CASRGAFGNEKLTF","CASREDRFTQPQHF"
"TRA:CASSGSARQLTF;TRB:CASSQDLGTGDEKLFF",1,0.000235682300259251,"CASSGSARQLTF","CASSQDLGTGDEKLFF"
"TRA:CASSVSGGYNKLIF;TRB:CASSLGQVNLEQYF",1,0.000235682300259251,"CASSVSGGYNKLIF","CASSLGQVNLEQYF"
"TRA:CASVIIQGAQKLVF;TRB:CASSLWARNSGNTIYF",1,0.000235682300259251,"CASVIIQGAQKLVF","CASSLWARNSGNTIYF"
"TRA:CASVYGNNRLAF;TRB:CASSQVEAWRAIYNEQFF",1,0.000235682300259251,"CASVYGNNRLAF","CASSQVEAWRAIYNEQFF"
"TRA:CASYNFGNEKLTF;TRB:CASSQSEQGPEISTTEAFF",1,0.000235682300259251,"CASYNFGNEKLTF","CASSQSEQGPEISTTEAFF"
"TRA:CATALLYGNNRLAF;TRB:CAWSGVSRNQPQHF",1,0.000235682300259251,"CATALLYGNNRLAF","CAWSGVSRNQPQHF"
"TRA:CATASNSGYALNF;TRB:CASSYDGDSYNEQFF",1,0.000235682300259251,"CATASNSGYALNF","CASSYDGDSYNEQFF"
"TRA:CATDADDKIIF;TRB:CASSQGYSLAEQYF",1,0.000235682300259251,"CATDADDKIIF","CASSQGYSLAEQYF"
"TRA:CATDAGGGSQGNLIF;TRB:CASSTRSDGELFF",1,0.000235682300259251,"CATDAGGGSQGNLIF","CASSTRSDGELFF"
"TRA:CATDDSGNYGGSQGNLIF;TRB:CASSYRGDQPQHF",1,0.000235682300259251,"CATDDSGNYGGSQGNLIF","CASSYRGDQPQHF"
"TRA:CATDGGGGSQGNLIF;TRB:CASSWRSELEQFF",1,0.000235682300259251,"CATDGGGGSQGNLIF","CASSWRSELEQFF"
"TRA:CATDGSYTNAGKSTF;TRB:CASSTRSDGELFF",1,0.000235682300259251,"CATDGSYTNAGKSTF","CASSTRSDGELFF"
"TRA:CATDLSGSARQLTF;TRB:CASSTRSDGELFF",1,0.000235682300259251,"CATDLSGSARQLTF","CASSTRSDGELFF"
"TRA:CATDLYPNFGNEKLTF;TRB:CASSTRSDGELFF",1,0.000235682300259251,"CATDLYPNFGNEKLTF","CASSTRSDGELFF"
"TRA:CATDQASGAGSYQLTF;TRB:CASSLRGAISTDTQYF",1,0.000235682300259251,"CATDQASGAGSYQLTF","CASSLRGAISTDTQYF"
"TRA:CATDRQGGSEKLVF;TRB:CASSIVGGSYNEQFF",1,0.000235682300259251,"CATDRQGGSEKLVF","CASSIVGGSYNEQFF"
"TRA:CATDSNSGYALNF;TRB:CASSPRDREAETQYF",1,0.000235682300259251,"CATDSNSGYALNF","CASSPRDREAETQYF"
"TRA:CATDVRKRDDKIIF;TRB:CASGLTSGLYNEQFF",1,0.000235682300259251,"CATDVRKRDDKIIF","CASGLTSGLYNEQFF"
"TRA:CATEGSQGNLIF;TRB:CASSIRSSYEQYF",1,0.000235682300259251,"CATEGSQGNLIF","CASSIRSSYEQYF"
"TRA:CATFQGNTPLVF;TRB:CASSLAGGLDTQYF",1,0.000235682300259251,"CATFQGNTPLVF","CASSLAGGLDTQYF"
"TRA:CATGPYTGANSKLTF;TRB:CSALRGGGSYNEQFF",1,0.000235682300259251,"CATGPYTGANSKLTF","CSALRGGGSYNEQFF"
"TRA:CATGYDMRF;TRB:CASSTRSDGELFF",1,0.000235682300259251,"CATGYDMRF","CASSTRSDGELFF"
"TRA:CATIFSGTYKYIF;TRB:CASSQDWTDTGELFF",1,0.000235682300259251,"CATIFSGTYKYIF","CASSQDWTDTGELFF"
"TRA:CATLNTGFQKLVF;TRB:CASSQRLAGQETQYF",1,0.000235682300259251,"CATLNTGFQKLVF","CASSQRLAGQETQYF"
"TRA:CATLSNSGYALNF;TRB:CASSYGTGSYEQYF",1,0.000235682300259251,"CATLSNSGYALNF","CASSYGTGSYEQYF"
"TRA:CATSNEGGGGADGLTF;TRB:CASSYSWTGGRYEQYF",1,0.000235682300259251,"CATSNEGGGGADGLTF","CASSYSWTGGRYEQYF"
"TRA:CATTGGFKTIF;TRB:CASSSGTQETQYF",1,0.000235682300259251,"CATTGGFKTIF","CASSSGTQETQYF"
"TRA:CATTWNARLMF;TRB:CASSLEGLGETQYF",1,0.000235682300259251,"CATTWNARLMF","CASSLEGLGETQYF"
"TRA:CATTYNARLMF;TRB:CASSYDRGHQPQHF",1,0.000235682300259251,"CATTYNARLMF","CASSYDRGHQPQHF"
"TRA:CATYNNNDMRF;TRB:CASSQTGGSRTDTQYF",1,0.000235682300259251,"CATYNNNDMRF","CASSQTGGSRTDTQYF"
"TRA:CATYQAGTALIF;TRB:CAWSGLLSGNTIYF",1,0.000235682300259251,"CATYQAGTALIF","CAWSGLLSGNTIYF"
"TRA:CAVAEGGGSQGNLIF;TRB:CASSPRSTDTQYF",1,0.000235682300259251,"CAVAEGGGSQGNLIF","CASSPRSTDTQYF"
"TRA:CAVAGDKIIF;TRB:CASSEAWWVGGQETQYF",1,0.000235682300259251,"CAVAGDKIIF","CASSEAWWVGGQETQYF"
"TRA:CAVAGDSNYQLIW;TRB:CASSTRSDGELFF",1,0.000235682300259251,"CAVAGDSNYQLIW","CASSTRSDGELFF"
"TRA:CAVAPSGGYQKVTF;TRB:CASRGLAWATDTQYF",1,0.000235682300259251,"CAVAPSGGYQKVTF","CASRGLAWATDTQYF"
"TRA:CAVDGGGSQGNLIF;TRB:CASSPLVLAGVGTQYF",1,0.000235682300259251,"CAVDGGGSQGNLIF","CASSPLVLAGVGTQYF"
"TRA:CAVDGSQGNLIF;TRB:CASSIRSTGELFF",1,0.000235682300259251,"CAVDGSQGNLIF","CASSIRSTGELFF"
"TRA:CAVDGSQGNLIF;TRB:CASSPLAGGPDNEQFF",1,0.000235682300259251,"CAVDGSQGNLIF","CASSPLAGGPDNEQFF"
"TRA:CAVDGSQGNLIF;TRB:CASSQPVGGDGYNEQFF",1,0.000235682300259251,"CAVDGSQGNLIF","CASSQPVGGDGYNEQFF"
"TRA:CAVDGSQGNLIF;TRB:CASSTRSSYEQYF",1,0.000235682300259251,"CAVDGSQGNLIF","CASSTRSSYEQYF"
"TRA:CAVDGSQGNLIF;TRB:CASSYRAAYEQYF",1,0.000235682300259251,"CAVDGSQGNLIF","CASSYRAAYEQYF"
"TRA:CAVDKTTGKLIF;TRB:CASTFTDTQYF",1,0.000235682300259251,"CAVDKTTGKLIF","CASTFTDTQYF"
"TRA:CAVDMAGFGNVLHC;TRB:CASSLEGLAGGKETQYF",1,0.000235682300259251,"CAVDMAGFGNVLHC","CASSLEGLAGGKETQYF"
"TRA:CAVDPLYNTDKLIF;TRB:CASSQGGVNGYTF",1,0.000235682300259251,"CAVDPLYNTDKLIF","CASSQGGVNGYTF"
"TRA:CAVDYGGSQGNLIF;TRB:CASSSRATGELFF",1,0.000235682300259251,"CAVDYGGSQGNLIF","CASSSRATGELFF"
"TRA:CAVEANAGGTSYGKLTF;TRB:CASSPGWGQPYYGYTF",1,0.000235682300259251,"CAVEANAGGTSYGKLTF","CASSPGWGQPYYGYTF"
"TRA:CAVEAPSTGANNLFF;TRB:CASSETGSSTDTQYF",1,0.000235682300259251,"CAVEAPSTGANNLFF","CASSETGSSTDTQYF"
"TRA:CAVEATDNYGQNFVF;TRB:CASSEGALPPYNEQFF",1,0.000235682300259251,"CAVEATDNYGQNFVF","CASSEGALPPYNEQFF"
"TRA:CAVEDQNNFNKFYF;TRB:CASSDWGGSENEQFF",1,0.000235682300259251,"CAVEDQNNFNKFYF","CASSDWGGSENEQFF"
"TRA:CAVEDSGAGSYQLTF;TRB:CASSRPSVDEQFF",1,0.000235682300259251,"CAVEDSGAGSYQLTF","CASSRPSVDEQFF"
"TRA:CAVEGINNNARLMF;TRB:CASSPPPDSSYEQYF",1,0.000235682300259251,"CAVEGINNNARLMF","CASSPPPDSSYEQYF"
"TRA:CAVEGNNNDMRF;TRB:CASSPYDPGNEAFF",1,0.000235682300259251,"CAVEGNNNDMRF","CASSPYDPGNEAFF"
"TRA:CAVEGSNYQLIW;TRB:CASSYSEIETQYF",1,0.000235682300259251,"CAVEGSNYQLIW","CASSYSEIETQYF"
"TRA:CAVELGDRGSTLGRLYF;TRB:CASSHIAGVVETQYF",1,0.000235682300259251,"CAVELGDRGSTLGRLYF","CASSHIAGVVETQYF"
"TRA:CAVELGDRGSTLGRLYF;TRB:CASSTRSDGELFF",1,0.000235682300259251,"CAVELGDRGSTLGRLYF","CASSTRSDGELFF"
"TRA:CAVELGGGADGLTF;TRB:CASSVQPTYQETQYF",1,0.000235682300259251,"CAVELGGGADGLTF","CASSVQPTYQETQYF"
"TRA:CAVESTYDKVIF;TRB:CASSLLKTGRQFF",1,0.000235682300259251,"CAVESTYDKVIF","CASSLLKTGRQFF"
"TRA:CAVFRGNTPLVF;TRB:CSARDRGVPYEQYF",1,0.000235682300259251,"CAVFRGNTPLVF","CSARDRGVPYEQYF"
"TRA:CAVFYGQNFVF;TRB:CASSTGPSGVEQFF",1,0.000235682300259251,"CAVFYGQNFVF","CASSTGPSGVEQFF"
"TRA:CAVGAEYNNARLMF;TRB:CSVGGIGELFF",1,0.000235682300259251,"CAVGAEYNNARLMF","CSVGGIGELFF"
"TRA:CAVGAPQGGSEKLVF;TRB:CASSQDGGRGDEQFF",1,0.000235682300259251,"CAVGAPQGGSEKLVF","CASSQDGGRGDEQFF"
"TRA:CAVGAYGNKLVF;TRB:CASSFWRGGTQETQYF",1,0.000235682300259251,"CAVGAYGNKLVF","CASSFWRGGTQETQYF"
"TRA:CAVGEGDDKIIF;TRB:CASSSATSAYEQYF",1,0.000235682300259251,"CAVGEGDDKIIF","CASSSATSAYEQYF"
"TRA:CAVGFEGGSQGNLIF;TRB:CASSKGLADYNEQFF",1,0.000235682300259251,"CAVGFEGGSQGNLIF","CASSKGLADYNEQFF"
"TRA:CAVGFEGGSQGNLIF;TRB:CASSLYNGYEQYL",1,0.000235682300259251,"CAVGFEGGSQGNLIF","CASSLYNGYEQYL"
"TRA:CAVGFEGGSQGNLIF;TRB:CASSRRSGGEQYC",1,0.000235682300259251,"CAVGFEGGSQGNLIF","CASSRRSGGEQYC"
"TRA:CAVGFGNQFYF;TRB:CASSSEGTVLTGELFF",1,0.000235682300259251,"CAVGFGNQFYF","CASSSEGTVLTGELFF"
"TRA:CAVGGDGESQGNLIF;TRB:CASSVRSSYEQYF",1,0.000235682300259251,"CAVGGDGESQGNLIF","CASSVRSSYEQYF"
"TRA:CAVGGDGGSQGNLIF;TRB:CASSTRSSYEQYF",1,0.000235682300259251,"CAVGGDGGSQGNLIF","CASSTRSSYEQYF"
"TRA:CAVGGDYKLSF;TRB:CASSPRTRENTGELFF",1,0.000235682300259251,"CAVGGDYKLSF","CASSPRTRENTGELFF"
"TRA:CAVGLNDYKLSF;TRB:CASSTRSDGELFF",1,0.000235682300259251,"CAVGLNDYKLSF","CASSTRSDGELFF"
"TRA:CAVGLSGNTPLVF;TRB:CASSSPGYEQYF",1,0.000235682300259251,"CAVGLSGNTPLVF","CASSSPGYEQYF"
"TRA:CAVGVGGKSTF;TRB:CASSGQVPNQPQHF",1,0.000235682300259251,"CAVGVGGKSTF","CASSGQVPNQPQHF"
"TRA:CAVGVSGTYKYIF;TRB:CASSARTGGETQYF",1,0.000235682300259251,"CAVGVSGTYKYIF","CASSARTGGETQYF"
"TRA:CAVHSGNTGKLIF;TRB:CASSIFGGDTQYF",1,0.000235682300259251,"CAVHSGNTGKLIF","CASSIFGGDTQYF"
"TRA:CAVIDSNYQLIW;TRB:CASSWRDSGRENTGELFF",1,0.000235682300259251,"CAVIDSNYQLIW","CASSWRDSGRENTGELFF"
"TRA:CAVKEDYKLSF;TRB:CASSAGLAGVNGAHEQFF",1,0.000235682300259251,"CAVKEDYKLSF","CASSAGLAGVNGAHEQFF"
"TRA:CAVKETGANNLFF;TRB:CASSILASDTQYI",1,0.000235682300259251,"CAVKETGANNLFF","CASSILASDTQYI"
"TRA:CAVKETGANNLFF;TRB:CASSILATDTQCF",1,0.000235682300259251,"CAVKETGANNLFF","CASSILATDTQCF"
"TRA:CAVKETGANNLFF;TRB:CSTSGRSTDTQYF",1,0.000235682300259251,"CAVKETGANNLFF","CSTSGRSTDTQYF"
"TRA:CAVKKTGGFKTIF;TRB:CSARDLGGGGDTGELFF",1,0.000235682300259251,"CAVKKTGGFKTIF","CSARDLGGGGDTGELFF"
"TRA:CAVKRGYQKVTF;TRB:CASEGGYTDTQYF",1,0.000235682300259251,"CAVKRGYQKVTF","CASEGGYTDTQYF"
"TRA:CAVKRNAGNMLTF;TRB:CASSVEGTGNTIYF",1,0.000235682300259251,"CAVKRNAGNMLTF","CASSVEGTGNTIYF"
"TRA:CAVKVNFGNEKLTF;TRB:CASSQDSGGNTIYF",1,0.000235682300259251,"CAVKVNFGNEKLTF","CASSQDSGGNTIYF"
"TRA:CAVLNNTNAGKSTF;TRB:CASSTRSDGELFF",1,0.000235682300259251,"CAVLNNTNAGKSTF","CASSTRSDGELFF"
"TRA:CAVNAGGGSQGNLIF;TRB:CASSMRSSYEQYF",1,0.000235682300259251,"CAVNAGGGSQGNLIF","CASSMRSSYEQYF"
"TRA:CAVNALRGYSTLTF;TRB:CASSYDTSAEVDNSPLHF",1,0.000235682300259251,"CAVNALRGYSTLTF","CASSYDTSAEVDNSPLHF"
"TRA:CAVNAYGNNRLAF;TRB:CSATPGAGTRIGSPLHF",1,0.000235682300259251,"CAVNAYGNNRLAF","CSATPGAGTRIGSPLHF"
"TRA:CAVNAYSGAGSYQLTF;TRB:CASSDWDRSSGPYEQYF",1,0.000235682300259251,"CAVNAYSGAGSYQLTF","CASSDWDRSSGPYEQYF"
"TRA:CAVNAYSGAGSYQLTF;TRB:CASSPSGEQFF",1,0.000235682300259251,"CAVNAYSGAGSYQLTF","CASSPSGEQFF"
"TRA:CAVNDDKIIF;TRB:CASSELYYNEQFF",1,0.000235682300259251,"CAVNDDKIIF","CASSELYYNEQFF"
"TRA:CAVNEGGGSQGNLIF;TRB:CASSGRSSYNEQFF",1,0.000235682300259251,"CAVNEGGGSQGNLIF","CASSGRSSYNEQFF"
"TRA:CAVNEGGGSQGNLIF;TRB:CASSTRSDGELFF",1,0.000235682300259251,"CAVNEGGGSQGNLIF","CASSTRSDGELFF"
"TRA:CAVNEGNNDMRF;TRB:CASSRVGVGEAFF",1,0.000235682300259251,"CAVNEGNNDMRF","CASSRVGVGEAFF"
"TRA:CAVNEPGGNNRLAF;TRB:CASSLEKGSGFGAKNIQYF",1,0.000235682300259251,"CAVNEPGGNNRLAF","CASSLEKGSGFGAKNIQYF"
"TRA:CAVNEYGNKLVF;TRB:CASSLEVGQPQHF",1,0.000235682300259251,"CAVNEYGNKLVF","CASSLEVGQPQHF"
"TRA:CAVNGGGGSQGNLIF;TRB:CASSERASYEQYF",1,0.000235682300259251,"CAVNGGGGSQGNLIF","CASSERASYEQYF"
"TRA:CAVNGGGGSQGNLIF;TRB:CASSHIAGVVETQYF",1,0.000235682300259251,"CAVNGGGGSQGNLIF","CASSHIAGVVETQYF"
"TRA:CAVNGGGGSQGNLIF;TRB:CAWSLGTGANVLTF",1,0.000235682300259251,"CAVNGGGGSQGNLIF","CAWSLGTGANVLTF"
"TRA:CAVNHDTGKLIF;TRB:CASSTRSDGELFF",1,0.000235682300259251,"CAVNHDTGKLIF","CASSTRSDGELFF"
"TRA:CAVNIRSTGGFKTIF;TRB:CASSDGIYNEQFF",1,0.000235682300259251,"CAVNIRSTGGFKTIF","CASSDGIYNEQFF"
"TRA:CAVNKDGQKLLF;TRB:CATSRSSGLTYNEQFF",1,0.000235682300259251,"CAVNKDGQKLLF","CATSRSSGLTYNEQFF"
"TRA:CAVNLGGGSQGNLIF;TRB:CASSMRSGSEQYF",1,0.000235682300259251,"CAVNLGGGSQGNLIF","CASSMRSGSEQYF"
"TRA:CAVNLSLRETSGSRLTF;TRB:CSARKGGLVTGEQFF",1,0.000235682300259251,"CAVNLSLRETSGSRLTF","CSARKGGLVTGEQFF"
"TRA:CAVNMGGGSQGNLIF;TRB:CASSTRASYEQYF",1,0.000235682300259251,"CAVNMGGGSQGNLIF","CASSTRASYEQYF"
"TRA:CAVNPGNTGKLIF;TRB:CASSFYLGNEQFF",1,0.000235682300259251,"CAVNPGNTGKLIF","CASSFYLGNEQFF"
"TRA:CAVNPGNTGKLIF;TRB:CASSGLAGADVPTF",1,0.000235682300259251,"CAVNPGNTGKLIF","CASSGLAGADVPTF"
"TRA:CAVNPGNTGKLIF;TRB:CASSPRSDGELFF",1,0.000235682300259251,"CAVNPGNTGKLIF","CASSPRSDGELFF"
"TRA:CAVNPGNTGKLIF;TRB:CASSSRAGNEQFF",1,0.000235682300259251,"CAVNPGNTGKLIF","CASSSRAGNEQFF"
"TRA:CAVNPGNTGKLIF;TRB:CASSTRCDGELFF",1,0.000235682300259251,"CAVNPGNTGKLIF","CASSTRCDGELFF"
"TRA:CAVNRGGGSQGNLIF;TRB:CASRGGSTLSGANVLTF",1,0.000235682300259251,"CAVNRGGGSQGNLIF","CASRGGSTLSGANVLTF"
"TRA:CAVNSGGGSQGNLIF;TRB:CASSSRSSYEQYF",1,0.000235682300259251,"CAVNSGGGSQGNLIF","CASSSRSSYEQYF"
"TRA:CAVNTGDYKLSF;TRB:CASSWAESSYEQYF",1,0.000235682300259251,"CAVNTGDYKLSF","CASSWAESSYEQYF"
"TRA:CAVNTNGGSQGNLIF;TRB:CASSLMTSGDTQYF",1,0.000235682300259251,"CAVNTNGGSQGNLIF","CASSLMTSGDTQYF"
"TRA:CAVNVDTGKLIF;TRB:CASSGRATGELFF",1,0.000235682300259251,"CAVNVDTGKLIF","CASSGRATGELFF"
"TRA:CAVPLNTGFQKLVF;TRB:CASCRYRENEQFF",1,0.000235682300259251,"CAVPLNTGFQKLVF","CASCRYRENEQFF"
"TRA:CAVPPGPNAGGTSYGKLTF;TRB:CASSIYSGSYNEQFF",1,0.000235682300259251,"CAVPPGPNAGGTSYGKLTF","CASSIYSGSYNEQFF"
"TRA:CAVPTKAAGNKLTF;TRB:CASSQVTGNTEAFF",1,0.000235682300259251,"CAVPTKAAGNKLTF","CASSQVTGNTEAFF"
"TRA:CAVQADTGNQFYF;TRB:CASSEPVGQPQHF",1,0.000235682300259251,"CAVQADTGNQFYF","CASSEPVGQPQHF"
"TRA:CAVQAGTASKLTF;TRB:CASRDGTSRNIQYF",1,0.000235682300259251,"CAVQAGTASKLTF","CASRDGTSRNIQYF"
"TRA:CAVQAVPRGTDKLIF;TRB:CASSEGIAGGDTQYF",1,0.000235682300259251,"CAVQAVPRGTDKLIF","CASSEGIAGGDTQYF"
"TRA:CAVQAYGANNLFF;TRB:CSVEEGTETQYF",1,0.000235682300259251,"CAVQAYGANNLFF","CSVEEGTETQYF"
"TRA:CAVQDAGGTSYGKLTF;TRB:CSARDLAGGEQYF",1,0.000235682300259251,"CAVQDAGGTSYGKLTF","CSARDLAGGEQYF"
"TRA:CAVQLGILTGGGNKLTF;TRB:CATRGPAYEQYF",1,0.000235682300259251,"CAVQLGILTGGGNKLTF","CATRGPAYEQYF"
"TRA:CAVQSLPGGYQKVTF;TRB:CASSILATDTQYF",1,0.000235682300259251,"CAVQSLPGGYQKVTF","CASSILATDTQYF"
"TRA:CAVRADSGYSTLTF;TRB:CSAREGPSGNGYTF",1,0.000235682300259251,"CAVRADSGYSTLTF","CSAREGPSGNGYTF"
"TRA:CAVRALTGANSKLTF;TRB:CASSPEEFTGELFF",1,0.000235682300259251,"CAVRALTGANSKLTF","CASSPEEFTGELFF"
"TRA:CAVRAPGGDCKLSF;TRB:CASSAGHPPGEAFF",1,0.000235682300259251,"CAVRAPGGDCKLSF","CASSAGHPPGEAFF"
"TRA:CAVRCRDDKIIF;TRB:CASSFSDSGYTF",1,0.000235682300259251,"CAVRCRDDKIIF","CASSFSDSGYTF"
"TRA:CAVRDDTDKLIF;TRB:CSVDDRGGIYGYTF",1,0.000235682300259251,"CAVRDDTDKLIF","CSVDDRGGIYGYTF"
"TRA:CAVRDDWDGGFKTIF;TRB:CASSQDEASGLQETQYF",1,0.000235682300259251,"CAVRDDWDGGFKTIF","CASSQDEASGLQETQYF"
"TRA:CAVRDEKDSGYALNF;TRB:CASSFFGSLPGNTIYF",1,0.000235682300259251,"CAVRDEKDSGYALNF","CASSFFGSLPGNTIYF"
"TRA:CAVRDESGGGADGLTF;TRB:CASSPLGGRNSYEQYF",1,0.000235682300259251,"CAVRDESGGGADGLTF","CASSPLGGRNSYEQYF"
"TRA:CAVRDFNAGNMLTF;TRB:CATSGSTRVGDEQYF",1,0.000235682300259251,"CAVRDFNAGNMLTF","CATSGSTRVGDEQYF"
"TRA:CAVRDFSGGYNKLIF;TRB:CASSPGTGLTEQYF",1,0.000235682300259251,"CAVRDFSGGYNKLIF","CASSPGTGLTEQYF"
"TRA:CAVRDGDYKLSF;TRB:CASSESPDSYNEQFF",1,0.000235682300259251,"CAVRDGDYKLSF","CASSESPDSYNEQFF"
"TRA:CAVRDGTGANNLFF;TRB:CASSFGLETQYF",1,0.000235682300259251,"CAVRDGTGANNLFF","CASSFGLETQYF"
"TRA:CAVRDGTGANNLFF;TRB:CASSRVGIDTQYF",1,0.000235682300259251,"CAVRDGTGANNLFF","CASSRVGIDTQYF"
"TRA:CAVRDGTGANNLFF;TRB:CASSTRSDGELFF",1,0.000235682300259251,"CAVRDGTGANNLFF","CASSTRSDGELFF"
"TRA:CAVRDGTGANNLFF;TRB:CASSTRSDGEVFF",1,0.000235682300259251,"CAVRDGTGANNLFF","CASSTRSDGEVFF"
"TRA:CAVRDINNARLMF;TRB:CATSRDRGESGNEQFF",1,0.000235682300259251,"CAVRDINNARLMF","CATSRDRGESGNEQFF"
"TRA:CAVRDMGTNDYKLSF;TRB:CASKNRAGSYEQYF",1,0.000235682300259251,"CAVRDMGTNDYKLSF","CASKNRAGSYEQYF"
"TRA:CAVRDNGILSTRLMF;TRB:CASSLASGNQPQHF",1,0.000235682300259251,"CAVRDNGILSTRLMF","CASSLASGNQPQHF"
"TRA:CAVRDQDYKLSF;TRB:CASSTRSDGELFF",1,0.000235682300259251,"CAVRDQDYKLSF","CASSTRSDGELFF"
"TRA:CAVRDRPWMDSSYKLIF;TRB:CASFISGTGGGYTF",1,0.000235682300259251,"CAVRDRPWMDSSYKLIF","CASFISGTGGGYTF"
"TRA:CAVRDSNYKLSF;TRB:CASSQSGTEPWNEQFF",1,0.000235682300259251,"CAVRDSNYKLSF","CASSQSGTEPWNEQFF"
"TRA:CAVRDTGSARQLTF;TRB:CASRKQGLTDTQYF",1,0.000235682300259251,"CAVRDTGSARQLTF","CASRKQGLTDTQYF"
"TRA:CAVRDWYNQGGKLIF;TRB:CSAKKTSTEAFF",1,0.000235682300259251,"CAVRDWYNQGGKLIF","CSAKKTSTEAFF"
"TRA:CAVRFNAGNNRKLIW;TRB:CASSGRDDYNEQFF",1,0.000235682300259251,"CAVRFNAGNNRKLIW","CASSGRDDYNEQFF"
"TRA:CAVRGGAGSYQLTF;TRB:CASSTGGIYNEQFF",1,0.000235682300259251,"CAVRGGAGSYQLTF","CASSTGGIYNEQFF"
"TRA:CAVRGGEYSGAGSYQLTF;TRB:CASSGGYRGWLAEPWEQFF",1,0.000235682300259251,"CAVRGGEYSGAGSYQLTF","CASSGGYRGWLAEPWEQFF"
"TRA:CAVRGIMDSSYKLIF;TRB:CSVPGQGRGLRGQYF",1,0.000235682300259251,"CAVRGIMDSSYKLIF","CSVPGQGRGLRGQYF"
"TRA:CAVRGLINDYKLSF;TRB:CASSSGEGSTDTQYF",1,0.000235682300259251,"CAVRGLINDYKLSF","CASSSGEGSTDTQYF"
"TRA:CAVRGNKLTF;TRB:CASRTDRGLGNTIYF",1,0.000235682300259251,"CAVRGNKLTF","CASRTDRGLGNTIYF"
"TRA:CAVRGTGRRALTF;TRB:CASSLVTGAGYEQYF",1,0.000235682300259251,"CAVRGTGRRALTF","CASSLVTGAGYEQYF"
"TRA:CAVRHGSGNTGKLIF;TRB:CAINRGGTYNEQFF",1,0.000235682300259251,"CAVRHGSGNTGKLIF","CAINRGGTYNEQFF"
"TRA:CAVRNTDKLIF;TRB:CASSLGASFNYGYTF",1,0.000235682300259251,"CAVRNTDKLIF","CASSLGASFNYGYTF"
"TRA:CAVRRAGTALIF;TRB:CATHRASPYSYNEQFF",1,0.000235682300259251,"CAVRRAGTALIF","CATHRASPYSYNEQFF"
"TRA:CAVRSANSGGYQKVTF;TRB:CASRGTGNTEAFF",1,0.000235682300259251,"CAVRSANSGGYQKVTF","CASRGTGNTEAFF"
"TRA:CAVRSMFSGGYNKLIF;TRB:CASSLAAGGSYNEQFF",1,0.000235682300259251,"CAVRSMFSGGYNKLIF","CASSLAAGGSYNEQFF"
"TRA:CAVRSRDKLTF;TRB:CASSFQGGLGETQYF",1,0.000235682300259251,"CAVRSRDKLTF","CASSFQGGLGETQYF"
"TRA:CAVRSSLGGSTLGRLYF;TRB:CASSRQATNEKLFF",1,0.000235682300259251,"CAVRSSLGGSTLGRLYF","CASSRQATNEKLFF"
"TRA:CAVSATGGSQGNLIF;TRB:CASSIRSSYEQYF",1,0.000235682300259251,"CAVSATGGSQGNLIF","CASSIRSSYEQYF"
"TRA:CAVSAYGGSQGNLIF;TRB:CASRDRGPDTQYF",1,0.000235682300259251,"CAVSAYGGSQGNLIF","CASRDRGPDTQYF"
"TRA:CAVSDFGNNDMRF;TRB:CASSHEAGGPLSLYYEQYF",1,0.000235682300259251,"CAVSDFGNNDMRF","CASSHEAGGPLSLYYEQYF"
"TRA:CAVSDFGNNDMRF;TRB:CASSTRSAHEQFF",1,0.000235682300259251,"CAVSDFGNNDMRF","CASSTRSAHEQFF"
"TRA:CAVSDGGSQGNLIF;TRB:CASSYRSTGELFF",1,0.000235682300259251,"CAVSDGGSQGNLIF","CASSYRSTGELFF"
"TRA:CAVSDRRSNYQLIW;TRB:CASSRDREETQYF",1,0.000235682300259251,"CAVSDRRSNYQLIW","CASSRDREETQYF"
"TRA:CAVSDTGAGSYQLTF;TRB:CASSPLAGADQPQHF",1,0.000235682300259251,"CAVSDTGAGSYQLTF","CASSPLAGADQPQHF"
"TRA:CAVSEVDSNYQLIW;TRB:CASSLAVNEKLFF",1,0.000235682300259251,"CAVSEVDSNYQLIW","CASSLAVNEKLFF"
"TRA:CAVSFNMDTGRRALTF;TRB:CASSPTAGHYEQYF",1,0.000235682300259251,"CAVSFNMDTGRRALTF","CASSPTAGHYEQYF"
"TRA:CAVSGDGGSQGNLIF;TRB:CASSPRAGNEQFF",1,0.000235682300259251,"CAVSGDGGSQGNLIF","CASSPRAGNEQFF"
"TRA:CAVSGGDTGNQFYF;TRB:CASSIRSSYEQYF",1,0.000235682300259251,"CAVSGGDTGNQFYF","CASSIRSSYEQYF"
"TRA:CAVSGPGYGGATNKLIF;TRB:CASSGSGEQFF",1,0.000235682300259251,"CAVSGPGYGGATNKLIF","CASSGSGEQFF"
"TRA:CAVSGSQGNLIF;TRB:CASQGQLHTDTQYF",1,0.000235682300259251,"CAVSGSQGNLIF","CASQGQLHTDTQYF"
"TRA:CAVSGSQGNLIF;TRB:CASSIGSSYEQYF",1,0.000235682300259251,"CAVSGSQGNLIF","CASSIGSSYEQYF"
"TRA:CAVSGSQGNLIF;TRB:CASSIRSSYEQFF",1,0.000235682300259251,"CAVSGSQGNLIF","CASSIRSSYEQFF"
"TRA:CAVSGSQGNLIF;TRB:CASSIRTSYEQYF",1,0.000235682300259251,"CAVSGSQGNLIF","CASSIRTSYEQYF"
"TRA:CAVSGSQGNLIF;TRB:CASSRASGATYEQYF",1,0.000235682300259251,"CAVSGSQGNLIF","CASSRASGATYEQYF"
"TRA:CAVSGYSNQGGKLIF;TRB:CASSTRSDGELFF",1,0.000235682300259251,"CAVSGYSNQGGKLIF","CASSTRSDGELFF"
"TRA:CAVSHGGSQGNLIF;TRB:CASSIRGSYEQYF",1,0.000235682300259251,"CAVSHGGSQGNLIF","CASSIRGSYEQYF"
"TRA:CAVSHGGSQGNLIF;TRB:CASSMRSTDTQYF",1,0.000235682300259251,"CAVSHGGSQGNLIF","CASSMRSTDTQYF"
"TRA:CAVSLTYNTDKLIF;TRB:CASSLETSGRGNEQFF",1,0.000235682300259251,"CAVSLTYNTDKLIF","CASSLETSGRGNEQFF"
"TRA:CAVSNNEDSSYKLIF;TRB:CATSREDNQPQHF",1,0.000235682300259251,"CAVSNNEDSSYKLIF","CATSREDNQPQHF"
"TRA:CAVSPHSGNTGKLIF;TRB:CASSTRSSYEQYF",1,0.000235682300259251,"CAVSPHSGNTGKLIF","CASSTRSSYEQYF"
"TRA:CAVSPNRMDSNYQLIW;TRB:CASSTRSDGELFF",1,0.000235682300259251,"CAVSPNRMDSNYQLIW","CASSTRSDGELFF"
"TRA:CAVSPYSGGGADGLTF;TRB:CATSPTLPGTGAGANVLTF",1,0.000235682300259251,"CAVSPYSGGGADGLTF","CATSPTLPGTGAGANVLTF"
"TRA:CAVSPYYNQGGKLIF;TRB:CASSIFSRDTQYF",1,0.000235682300259251,"CAVSPYYNQGGKLIF","CASSIFSRDTQYF"
"TRA:CAVSPYYNQGGKLIF;TRB:CASSIRSTGELFF",1,0.000235682300259251,"CAVSPYYNQGGKLIF","CASSIRSTGELFF"
"TRA:CAVSPYYNQGGKLIF;TRB:CASSPLAGGYNEQFF",1,0.000235682300259251,"CAVSPYYNQGGKLIF","CASSPLAGGYNEQFF"
"TRA:CAVSPYYNQGGKLIF;TRB:CASSRWATDTQYF",1,0.000235682300259251,"CAVSPYYNQGGKLIF","CASSRWATDTQYF"
"TRA:CAVSSYGNNRLAF;TRB:CASSPGLAGDNEQFF",1,0.000235682300259251,"CAVSSYGNNRLAF","CASSPGLAGDNEQFF"
"TRA:CAVSVGGGNQFYF;TRB:CASSGTQETQYF",1,0.000235682300259251,"CAVSVGGGNQFYF","CASSGTQETQYF"
"TRA:CAVTQGTGRRALTF;TRB:CASSLRDRTGSGNEQFF",1,0.000235682300259251,"CAVTQGTGRRALTF","CASSLRDRTGSGNEQFF"
"TRA:CAVTQPTSYGKLTF;TRB:CASSFGTSVYEQYF",1,0.000235682300259251,"CAVTQPTSYGKLTF","CASSFGTSVYEQYF"
"TRA:CAVTSSGGSYIPTF;TRB:CASIPGTGINTGELFF",1,0.000235682300259251,"CAVTSSGGSYIPTF","CASIPGTGINTGELFF"
"TRA:CAVVATTSGTYKYIF;TRB:CASSFTLSGYTF",1,0.000235682300259251,"CAVVATTSGTYKYIF","CASSFTLSGYTF"
"TRA:CAVVLFGNTPLVF;TRB:CASSRTTSGRGTGELFF",1,0.000235682300259251,"CAVVLFGNTPLVF","CASSRTTSGRGTGELFF"
"TRA:CAVVYYGGATNKLIF;TRB:CASSYSGGTYNEQFF",1,0.000235682300259251,"CAVVYYGGATNKLIF","CASSYSGGTYNEQFF"
"TRA:CAVYNTDKLIF;TRB:CASSPAPPDYTEAFF",1,0.000235682300259251,"CAVYNTDKLIF","CASSPAPPDYTEAFF"
"TRA:CAVYRGSYQLTF;TRB:CSARDSGLAGRNEQFF",1,0.000235682300259251,"CAVYRGSYQLTF","CSARDSGLAGRNEQFF"
"TRA:CAYDVKGGNQFYF;TRB:CASSLGWGQGRETQYF",1,0.000235682300259251,"CAYDVKGGNQFYF","CASSLGWGQGRETQYF"
"TRA:CAYFNTGGFKTIF;TRB:CASSPPLAGVDTDTQYF",1,0.000235682300259251,"CAYFNTGGFKTIF","CASSPPLAGVDTDTQYF"
"TRA:CAYGVGAGGTSYGKLTF;TRB:CASSPRAGNEQFF",1,0.000235682300259251,"CAYGVGAGGTSYGKLTF","CASSPRAGNEQFF"
"TRA:CAYLISNFGNEKLTF;TRB:CSANFYEQYF",1,0.000235682300259251,"CAYLISNFGNEKLTF","CSANFYEQYF"
"TRA:CAYRGRDDKIIF;TRB:CASSSLRGVNTEAFF",1,0.000235682300259251,"CAYRGRDDKIIF","CASSSLRGVNTEAFF"
"TRA:CAYRRESGGGADGLTF;TRB:CASSEYRPRDEQYF",1,0.000235682300259251,"CAYRRESGGGADGLTF","CASSEYRPRDEQYF"
"TRA:CAYRSAAGFGNVLHC;TRB:CASSQEDRGKGVNTEAFF",1,0.000235682300259251,"CAYRSAAGFGNVLHC","CASSQEDRGKGVNTEAFF"
"TRA:CAYRSAIRAGSYQLTF;TRB:CSARTGGNTEAFF",1,0.000235682300259251,"CAYRSAIRAGSYQLTF","CSARTGGNTEAFF"
"TRA:CAYRSALGGSRLTF;TRB:CASEPGAAYEQYF",1,0.000235682300259251,"CAYRSALGGSRLTF","CASEPGAAYEQYF"
"TRA:CAYRSARLGTSGSRLTF;TRB:CATSRGLAGSSEQYF",1,0.000235682300259251,"CAYRSARLGTSGSRLTF","CATSRGLAGSSEQYF"
"TRA:CAYSSGGGSQGNLIF;TRB:CASSLYNGYEQYF",1,0.000235682300259251,"CAYSSGGGSQGNLIF","CASSLYNGYEQYF"
"TRA:CAYSSGGGSQGNLIF;TRB:CASSSRATGELFF",1,0.000235682300259251,"CAYSSGGGSQGNLIF","CASSSRATGELFF"
"TRA:CAYSSGGGSQGNLIF;TRB:CASSTRSDGELFF",1,0.000235682300259251,"CAYSSGGGSQGNLIF","CASSTRSDGELFF"
"TRA:CAYVSGQAGTALIF;TRB:CASSDRLWGETQYF",1,0.000235682300259251,"CAYVSGQAGTALIF","CASSDRLWGETQYF"
"TRA:CAYYGGATNKLIF;TRB:CAWSTGNSYEQYF",1,0.000235682300259251,"CAYYGGATNKLIF","CAWSTGNSYEQYF"
"TRA:CGAVPYSGAGSYQLTF;TRB:CSARSRGLAAFNEQFF",1,0.000235682300259251,"CGAVPYSGAGSYQLTF","CSARSRGLAAFNEQFF"
"TRA:CGNSPGGNYQLIW;TRB:CASSSRSSYEQYF",1,0.000235682300259251,"CGNSPGGNYQLIW","CASSSRSSYEQYF"
"TRA:CGTANFGNEKLTF;TRB:CASSAHSYNSPLHF",1,0.000235682300259251,"CGTANFGNEKLTF","CASSAHSYNSPLHF"
"TRA:CGTDGGRDGGSQGNLIF;TRB:CASSDSQHRVTQYF",1,0.000235682300259251,"CGTDGGRDGGSQGNLIF","CASSDSQHRVTQYF"
"TRA:CGTDPEASGQNFVF;TRB:CSAPRDSSYEQYF",1,0.000235682300259251,"CGTDPEASGQNFVF","CSAPRDSSYEQYF"
"TRA:CGTDWGGGSQGNLIF;TRB:CASSIRSSYEQYF",1,0.000235682300259251,"CGTDWGGGSQGNLIF","CASSIRSSYEQYF"
"TRA:CGTEGDAGGTSYGKLTF;TRB:CSARSGRNSYEQYF",1,0.000235682300259251,"CGTEGDAGGTSYGKLTF","CSARSGRNSYEQYF"
"TRA:CGTEPANAGNMLTF;TRB:CASSTRSDGELFF",1,0.000235682300259251,"CGTEPANAGNMLTF","CASSTRSDGELFF"
"TRA:CGTEYSGGGADGLTF;TRB:CASLAGVGVAGELFF",1,0.000235682300259251,"CGTEYSGGGADGLTF","CASLAGVGVAGELFF"
"TRA:CGTVPTKDGNKLVF;TRB:CASSMRSGGEQFF",1,0.000235682300259251,"CGTVPTKDGNKLVF","CASSMRSGGEQFF"
"TRA:CGVNPLLYSGGGADGLTF;TRB:CASSLFSGANVLTF",1,0.000235682300259251,"CGVNPLLYSGGGADGLTF","CASSLFSGANVLTF"
"TRA:CIAPAMDSNYQLIW;TRB:CASSEQSNQPQHF",1,0.000235682300259251,"CIAPAMDSNYQLIW","CASSEQSNQPQHF"
"TRA:CILRALGGSNYKLTF;TRB:CASSLALRGRSYNEQFF",1,0.000235682300259251,"CILRALGGSNYKLTF","CASSLALRGRSYNEQFF"
"TRA:CILRELRGAAGNKLTF;TRB:CASSARDFTDTQYF",1,0.000235682300259251,"CILRELRGAAGNKLTF","CASSARDFTDTQYF"
"TRA:CIVRAPNTGNQFYF;TRB:CASGTGHEKLFF",1,0.000235682300259251,"CIVRAPNTGNQFYF","CASGTGHEKLFF"
"TRA:CIVRDGQKLLF;TRB:CASSLTRTYEQYF",1,0.000235682300259251,"CIVRDGQKLLF","CASSLTRTYEQYF"
"TRA:CIVRFISNFGNEKLTF;TRB:CASSEQGTHEQYF",1,0.000235682300259251,"CIVRFISNFGNEKLTF","CASSEQGTHEQYF"
"TRA:CIVRLWNSGGYQKVTF;TRB:CSARERGADGIQYF",1,0.000235682300259251,"CIVRLWNSGGYQKVTF","CSARERGADGIQYF"
"TRA:CIVRPRGRDDKIIF;TRB:CASVGATKNIQYF",1,0.000235682300259251,"CIVRPRGRDDKIIF","CASVGATKNIQYF"
"TRA:CIVRSMTTDSWGKFQF;TRB:CASSIRSSYEQYF",1,0.000235682300259251,"CIVRSMTTDSWGKFQF","CASSIRSSYEQYF"
"TRA:CIVRVAIVNSGNTPLVF;TRB:CASSPIYLDRGQTNEKLFF",1,0.000235682300259251,"CIVRVAIVNSGNTPLVF","CASSPIYLDRGQTNEKLFF"
"TRA:CIVRVAQGAQKLVF;TRB:CASTQEDSGANVLTF",1,0.000235682300259251,"CIVRVAQGAQKLVF","CASTQEDSGANVLTF"
"TRA:CIVRVARIQGAQKLVF;TRB:CASSLIQDEQYF",1,0.000235682300259251,"CIVRVARIQGAQKLVF","CASSLIQDEQYF"
"TRA:CIVRVKGAQKLVF;TRB:CSAFPPGLAGGRYQETQYF",1,0.000235682300259251,"CIVRVKGAQKLVF","CSAFPPGLAGGRYQETQYF"
"TRA:CIVRVLLESGTYKYIF;TRB:CASNLRYSYEQYF",1,0.000235682300259251,"CIVRVLLESGTYKYIF","CASNLRYSYEQYF"
"TRA:CIVRVPVRAQKLVF;TRB:CASTPGGGRPNEKLFF",1,0.000235682300259251,"CIVRVPVRAQKLVF","CASTPGGGRPNEKLFF"
"TRA:CIVYAGGTSYGKLTF;TRB:CSAMAGLAGSSIGEQYF",1,0.000235682300259251,"CIVYAGGTSYGKLTF","CSAMAGLAGSSIGEQYF"
"TRA:CLLEDYGGSQGNLIF;TRB:CATSPARRPKETQYF",1,0.000235682300259251,"CLLEDYGGSQGNLIF","CATSPARRPKETQYF"
"TRA:CLLLDSNYQLIW;TRB:CASSFQTGGSYEQYF",1,0.000235682300259251,"CLLLDSNYQLIW","CASSFQTGGSYEQYF"
"TRA:CLRGGRMNRDDKIIF;TRB:CASSTRSDGELFF",1,0.000235682300259251,"CLRGGRMNRDDKIIF","CASSTRSDGELFF"
"TRA:CLVALRSNDYKLSF;TRB:CASSFSSAGAILEQYF",1,0.000235682300259251,"CLVALRSNDYKLSF","CASSFSSAGAILEQYF"
"TRA:CLVDVQAGTALIF;TRB:CATSRDENEQYF",1,0.000235682300259251,"CLVDVQAGTALIF","CATSRDENEQYF"
"TRA:CLVGAGLNNNDMRF;TRB:CATSRDQGSLSYEQYF",1,0.000235682300259251,"CLVGAGLNNNDMRF","CATSRDQGSLSYEQYF"
"TRA:CLVGAPFMDSNYQLIW;TRB:CASSLVGGQAEKLFF",1,0.000235682300259251,"CLVGAPFMDSNYQLIW","CASSLVGGQAEKLFF"
"TRA:CLVGDPNKLVF;TRB:CASSIRSSYEQYF",1,0.000235682300259251,"CLVGDPNKLVF","CASSIRSSYEQYF"
"TRA:CLVGDPNKLVF;TRB:CASSIRSTDTQYF",1,0.000235682300259251,"CLVGDPNKLVF","CASSIRSTDTQYF"
"TRA:CLVGDQAGTALIF;TRB:CASSTRSDGELFF",1,0.000235682300259251,"CLVGDQAGTALIF","CASSTRSDGELFF"
"TRA:CLVGDYSGGYNKLIF;TRB:CSASTLAGVSSGSYEQYF",1,0.000235682300259251,"CLVGDYSGGYNKLIF","CSASTLAGVSSGSYEQYF"
"TRA:CLVGEGAGSYQLTF;TRB:CASSLLGATEAFF",1,0.000235682300259251,"CLVGEGAGSYQLTF","CASSLLGATEAFF"
"TRA:CLVGEGNTGFQKLVF;TRB:CASSLEGGLRLALSYEQYF",1,0.000235682300259251,"CLVGEGNTGFQKLVF","CASSLEGGLRLALSYEQYF"
"TRA:CLVGGYNNNDMRF;TRB:CSASTGTSGYNEQFF",1,0.000235682300259251,"CLVGGYNNNDMRF","CSASTGTSGYNEQFF"
"TRA:CLVGKDSSYKLIF;TRB:CASSFGAGTNEQFF",1,0.000235682300259251,"CLVGKDSSYKLIF","CASSFGAGTNEQFF"
"TRA:CLVGMNRDDKIIF;TRB:CASKLPGPQINEQFF",1,0.000235682300259251,"CLVGMNRDDKIIF","CASKLPGPQINEQFF"
"TRA:CVAYNTDKLIF;TRB:CASSSGQGYEQYF",1,0.000235682300259251,"CVAYNTDKLIF","CASSSGQGYEQYF"
"TRA:CVCMDSNYQLIW;TRB:CARASGPDYNEQFF",1,0.000235682300259251,"CVCMDSNYQLIW","CARASGPDYNEQFF"
"TRA:CVGMDSNYQLIW;TRB:CSARGTDRGDTGELFF",1,0.000235682300259251,"CVGMDSNYQLIW","CSARGTDRGDTGELFF"
"TRA:CVGRTGANNLFF;TRB:CATQGSSYEQYF",1,0.000235682300259251,"CVGRTGANNLFF","CATQGSSYEQYF"
"TRA:CVPMDSNYQLIW;TRB:CSARTGDRSETQYF",1,0.000235682300259251,"CVPMDSNYQLIW","CSARTGDRSETQYF"
"TRA:CVPRGGANNLFF;TRB:CASRKSRSSYEQYF",1,0.000235682300259251,"CVPRGGANNLFF","CASRKSRSSYEQYF"
"TRA:CVTGSNYQLIW;TRB:CASSLKGGSREQYF",1,0.000235682300259251,"CVTGSNYQLIW","CASSLKGGSREQYF"
"TRA:CVVASGGSYIPTF;TRB:CAWSLRAVNSPLHF",1,0.000235682300259251,"CVVASGGSYIPTF","CAWSLRAVNSPLHF"
"TRA:CVVHPLNYGGSQGNLIF;TRB:CASSIYSNNEQFF",1,0.000235682300259251,"CVVHPLNYGGSQGNLIF","CASSIYSNNEQFF"
"TRA:CVVKGGRGNKLVF;TRB:CASSFQGPAGAYEQYF",1,0.000235682300259251,"CVVKGGRGNKLVF","CASSFQGPAGAYEQYF"
"TRA:CVVLSGGSYIPTF;TRB:CSAREGYEQYF",1,0.000235682300259251,"CVVLSGGSYIPTF","CSAREGYEQYF"
"TRA:CVVMGGFQKLVF;TRB:CASSLSRTGELFF",1,0.000235682300259251,"CVVMGGFQKLVF","CASSLSRTGELFF"
"TRA:CVVNIETPGGFKTIF;TRB:CASSSQGGGASGYTF",1,0.000235682300259251,"CVVNIETPGGFKTIF","CASSSQGGGASGYTF"
"TRA:CVVNIGGGSQGNLIF;TRB:CASSTRSDGELFF",1,0.000235682300259251,"CVVNIGGGSQGNLIF","CASSTRSDGELFF"
"TRA:CVVNIRRANNLFF;TRB:CASSHIAAPPYNEQFF",1,0.000235682300259251,"CVVNIRRANNLFF","CASSHIAAPPYNEQFF"
"TRA:CVVNKVSADGLTF;TRB:CASSLIGVGETQYF",1,0.000235682300259251,"CVVNKVSADGLTF","CASSLIGVGETQYF"
"TRA:CVVSADENRDSNYQLIW;TRB:CASSILMGPANYGYTF",1,0.000235682300259251,"CVVSADENRDSNYQLIW","CASSILMGPANYGYTF"
"TRA:CVVSAGGNMLTF;TRB:CASSLSGWEQFF",1,0.000235682300259251,"CVVSAGGNMLTF","CASSLSGWEQFF"
"TRA:CVVSDGSTGFQKLVF;TRB:CASSPSEGKSYNEQFF",1,0.000235682300259251,"CVVSDGSTGFQKLVF","CASSPSEGKSYNEQFF"
"TRA:CVVSDKGNKLVF;TRB:CASSLYRGPYEQYF",1,0.000235682300259251,"CVVSDKGNKLVF","CASSLYRGPYEQYF"
"TRA:CVVSDNPGNTGKLIF;TRB:CASSTRSDGELFF",1,0.000235682300259251,"CVVSDNPGNTGKLIF","CASSTRSDGELFF"
"TRA:CVVSDPEQGAGTASKLTF;TRB:CASSSTGMLSDTQYF",1,0.000235682300259251,"CVVSDPEQGAGTASKLTF","CASSSTGMLSDTQYF"
"TRA:CVVSDRSGGGADGLTF;TRB:CASSIYGGLSYNEQFF",1,0.000235682300259251,"CVVSDRSGGGADGLTF","CASSIYGGLSYNEQFF"
"TRA:CVVSGWSGYSTLTF;TRB:CASSPGDSYNEQFF",1,0.000235682300259251,"CVVSGWSGYSTLTF","CASSPGDSYNEQFF"
"TRA:CVVTKSGNTPLVF;TRB:CASSLVLSSSGANVLTF",1,0.000235682300259251,"CVVTKSGNTPLVF","CASSLVLSSSGANVLTF"
"TRA:CVVTNQAGTALIF;TRB:CATSRGPPHEQYF",1,0.000235682300259251,"CVVTNQAGTALIF","CATSRGPPHEQYF"
"TRA:CVVTQDDKIIF;TRB:CASRSYEQYF",1,0.000235682300259251,"CVVTQDDKIIF","CASRSYEQYF"
